-- phpMyAdmin SQL Dump
-- version 5.2.1deb3
-- https://www.phpmyadmin.net/
--
-- Host: localhost:3306
-- Generation Time: Aug 28, 2025 at 03:50 AM
-- Server version: 8.0.43-0ubuntu0.24.04.1
-- PHP Version: 8.4.10

SET SQL_MODE = "NO_AUTO_VALUE_ON_ZERO";
START TRANSACTION;
SET time_zone = "+00:00";


/*!40101 SET @OLD_CHARACTER_SET_CLIENT=@@CHARACTER_SET_CLIENT */;
/*!40101 SET @OLD_CHARACTER_SET_RESULTS=@@CHARACTER_SET_RESULTS */;
/*!40101 SET @OLD_COLLATION_CONNECTION=@@COLLATION_CONNECTION */;
/*!40101 SET NAMES utf8mb4 */;

--
-- Database: `nepal_address`
--

-- --------------------------------------------------------

--
-- Table structure for table `cities`
--

CREATE TABLE `cities` (
  `id` int NOT NULL,
  `province_id` int NOT NULL,
  `name` varchar(255) NOT NULL,
  `created_at` datetime NOT NULL DEFAULT CURRENT_TIMESTAMP,
  `deleted_at` datetime DEFAULT NULL
) ENGINE=InnoDB DEFAULT CHARSET=utf8mb4 COLLATE=utf8mb4_0900_ai_ci;

--
-- Dumping data for table `cities`
--

INSERT INTO `cities` (`id`, `province_id`, `name`, `created_at`, `deleted_at`) VALUES
(1, 1, 'Banepa', '2025-08-25 21:01:55', NULL),
(2, 1, 'Bhaktapur', '2025-08-25 21:01:55', NULL),
(3, 1, 'Bharatpur', '2025-08-25 21:01:55', NULL),
(4, 1, 'Bhimeshwor - Charikot', '2025-08-25 21:01:55', NULL),
(5, 1, 'Bidur', '2025-08-25 21:01:55', NULL),
(6, 1, 'Hetauda', '2025-08-25 21:01:55', NULL),
(7, 1, 'Kalika', '2025-08-25 21:01:55', NULL),
(8, 1, 'Kathmandu Metro 10 - New Baneshwor Area', '2025-08-25 21:01:55', NULL),
(9, 1, 'Kathmandu Metro 11 - Maitighar Area', '2025-08-25 21:01:55', NULL),
(10, 1, 'Kathmandu Metro 12 - Teku Area', '2025-08-25 21:01:55', NULL),
(11, 1, 'Kathmandu Metro 13 - Kalimati Area', '2025-08-25 21:01:55', NULL),
(12, 1, 'Kathmandu Metro 14 - Kuleshwor Area', '2025-08-25 21:01:55', NULL),
(13, 1, 'Kathmandu Metro 15 - Swayambhu Area', '2025-08-25 21:01:55', NULL),
(14, 1, 'Kathmandu Metro 16 - Nayabazar Area', '2025-08-25 21:01:55', NULL),
(15, 1, 'Kathmandu Metro 17 - Chhetrapati Area', '2025-08-25 21:01:55', NULL),
(16, 1, 'Kathmandu Metro 18 - Raktakali Area', '2025-08-25 21:01:55', NULL),
(17, 1, 'Kathmandu Metro 19 - Hanumandhoka Area', '2025-08-25 21:01:55', NULL),
(18, 1, 'Kathmandu Metro 1 - Naxal Area', '2025-08-25 21:01:55', NULL),
(19, 1, 'Kathmandu Metro 20 - Marutol Area', '2025-08-25 21:01:55', NULL),
(20, 1, 'Kathmandu Metro 21 - Lagantole Area', '2025-08-25 21:01:55', NULL),
(21, 1, 'Kathmandu Metro 22 - Newroad Area', '2025-08-25 21:01:55', NULL),
(22, 1, 'Kathmandu Metro 23 - Basantapur Area', '2025-08-25 21:01:55', NULL),
(23, 1, 'Kathmandu Metro 24 - Indrachowk Area', '2025-08-25 21:01:55', NULL),
(24, 1, 'Kathmandu Metro 25 - Ason Area', '2025-08-25 21:01:55', NULL),
(25, 1, 'Kathmandu Metro 26 - Samakhusi Area', '2025-08-25 21:01:55', NULL),
(26, 1, 'Kathmandu Metro 26 - Thamel Area', '2025-08-25 21:01:55', NULL),
(27, 1, 'Kathmandu Metro 27 - Bhotahiti Area', '2025-08-25 21:01:55', NULL),
(28, 1, 'Kathmandu Metro 28 - Bagbazar Area', '2025-08-25 21:01:55', NULL),
(29, 1, 'Kathmandu Metro 28 - Kamaladi Area', '2025-08-25 21:01:55', NULL),
(30, 1, 'Kathmandu Metro 29 - Anamnagar Area', '2025-08-25 21:01:55', NULL),
(31, 1, 'Kathmandu Metro 29 - Putalisadak Area', '2025-08-25 21:01:55', NULL),
(32, 1, 'Kathmandu Metro 2 - Lazimpat Area', '2025-08-25 21:01:55', NULL),
(33, 1, 'Kathmandu Metro 30 - Maitidevi Area', '2025-08-25 21:01:55', NULL),
(34, 1, 'Kathmandu Metro 31 - Min Bhawan Area', '2025-08-25 21:01:55', NULL),
(35, 1, 'Kathmandu Metro 32 - Koteshwor Area', '2025-08-25 21:01:55', NULL),
(36, 1, 'Kathmandu Metro 32 - Tinkune Area', '2025-08-25 21:01:55', NULL),
(37, 1, 'Kathmandu Metro 3 - Baluwatar Area', '2025-08-25 21:01:55', NULL),
(38, 1, 'Kathmandu Metro 3 - Maharajgunj Area', '2025-08-25 21:01:55', NULL),
(39, 1, 'Kathmandu Metro 4 - Bishalnagar Area', '2025-08-25 21:01:55', NULL),
(40, 1, 'Kathmandu Metro 5 - Tangal Area', '2025-08-25 21:01:55', NULL),
(41, 1, 'Kathmandu Metro 7 - Chabahil Area', '2025-08-25 21:01:55', NULL),
(42, 1, 'Kathmandu Metro 8 - Gaushala Area', '2025-08-25 21:01:55', NULL),
(43, 1, 'Kathmandu Metro 9 - Sinamangal Area', '2025-08-25 21:01:55', NULL),
(44, 1, 'Kathmandu Outside Ring Road', '2025-08-25 21:01:55', NULL),
(45, 1, 'Khairehani', '2025-08-25 21:01:55', NULL),
(46, 1, 'Lalitpur Inside Ring Road', '2025-08-25 21:01:55', NULL),
(47, 1, 'Lalitpur Outside Ring Road', '2025-08-25 21:01:55', NULL),
(48, 1, 'Nilkantha - Dhading', '2025-08-25 21:01:55', NULL),
(49, 1, 'Panauti', '2025-08-25 21:01:55', NULL),
(50, 1, 'Panchkhal', '2025-08-25 21:01:55', NULL),
(51, 1, 'Rapti', '2025-08-25 21:01:55', NULL),
(52, 1, 'Ratnanagar', '2025-08-25 21:01:55', NULL),
(53, 1, 'Sindhuli-Kamalamai', '2025-08-25 21:01:55', NULL),
(54, 2, 'Baglung Bazaar', '2025-08-25 21:12:34', NULL),
(55, 2, 'Beni', '2025-08-25 21:12:34', NULL),
(56, 2, 'Bhimad', '2025-08-25 21:12:34', NULL),
(57, 2, 'Damauli', '2025-08-25 21:12:34', NULL),
(58, 2, 'Devchuli', '2025-08-25 21:12:34', NULL),
(59, 2, 'Gaindakot', '2025-08-25 21:12:34', NULL),
(60, 2, 'Gorkha Bazaar', '2025-08-25 21:12:34', NULL),
(61, 2, 'Kawasoti', '2025-08-25 21:12:34', NULL),
(62, 2, 'Kushma', '2025-08-25 21:12:34', NULL),
(63, 2, 'Lekhnath', '2025-08-25 21:12:34', NULL),
(64, 2, 'Pokhara', '2025-08-25 21:12:34', NULL),
(65, 2, 'Putalibazar', '2025-08-25 21:12:34', NULL),
(66, 2, 'Shuklagandaki', '2025-08-25 21:12:34', NULL),
(67, 2, 'Sundarbazar', '2025-08-25 21:12:34', NULL),
(68, 2, 'Waling', '2025-08-25 21:12:34', NULL),
(69, 3, 'Bheriganga', '2025-08-25 21:16:16', NULL),
(70, 3, 'Birendranagar - Surkhet', '2025-08-25 21:16:16', NULL),
(71, 3, 'Lekbeshi', '2025-08-25 21:16:16', NULL),
(72, 4, 'Arjundhara', '2025-08-25 21:17:52', NULL),
(73, 4, 'Belbari', '2025-08-25 21:17:52', NULL),
(74, 4, 'Bhadrapur', '2025-08-25 21:17:52', NULL),
(75, 4, 'Biratnagar', '2025-08-25 21:17:52', NULL),
(76, 4, 'Birtamod', '2025-08-25 21:17:52', NULL),
(77, 4, 'Chandragadi', '2025-08-25 21:17:52', NULL),
(78, 4, 'Damak', '2025-08-25 21:17:52', NULL),
(79, 4, 'Dhankuta', '2025-08-25 21:17:52', NULL),
(80, 4, 'Dharan', '2025-08-25 21:17:52', NULL),
(81, 4, 'Duhabi', '2025-08-25 21:17:52', NULL),
(82, 4, 'Gauradaha', '2025-08-25 21:17:52', NULL),
(83, 4, 'Ilam', '2025-08-25 21:17:52', NULL),
(84, 4, 'Inaruwa', '2025-08-25 21:17:52', NULL),
(85, 4, 'Itahari', '2025-08-25 21:17:52', NULL),
(86, 4, 'Kakarbhitta', '2025-08-25 21:17:52', NULL),
(87, 4, 'Kankai', '2025-08-25 21:17:52', NULL),
(88, 4, 'Letang Bhogateni', '2025-08-25 21:17:52', NULL),
(89, 4, 'Pathari-Shanischare', '2025-08-25 21:17:52', NULL),
(90, 4, 'Rangeli', '2025-08-25 21:17:52', NULL),
(91, 4, 'Ratuwamai', '2025-08-25 21:17:52', NULL),
(92, 4, 'Shivasatakshi', '2025-08-25 21:17:52', NULL),
(93, 4, 'Sunawarshi', '2025-08-25 21:17:52', NULL),
(94, 4, 'Sundar Haraincha', '2025-08-25 21:17:52', NULL),
(95, 4, 'Triyuga', '2025-08-25 21:17:52', NULL),
(96, 4, 'Urlabari', '2025-08-25 21:17:52', NULL),
(97, 5, 'Banganga', '2025-08-25 21:21:44', NULL),
(98, 5, 'Bardaghat', '2025-08-25 21:21:44', NULL),
(99, 5, 'Butwal', '2025-08-25 21:21:44', NULL),
(100, 5, 'Dang - Ghorahi', '2025-08-25 21:21:44', NULL),
(101, 5, 'Dang - Tulsipur', '2025-08-25 21:21:44', NULL),
(102, 5, 'Devdaha', '2025-08-25 21:21:44', NULL),
(103, 5, 'Kohalpur', '2025-08-25 21:21:44', NULL),
(104, 5, 'Lamahi', '2025-08-25 21:21:44', NULL),
(105, 5, 'Lumbini Sanskriti', '2025-08-25 21:21:44', NULL),
(106, 5, 'Nepalgunj', '2025-08-25 21:21:44', NULL),
(107, 5, 'Ramgram', '2025-08-25 21:21:44', NULL),
(108, 5, 'Sainamaina', '2025-08-25 21:21:44', NULL),
(109, 5, 'Shivaraj - Chanauta', '2025-08-25 21:21:44', NULL),
(110, 5, 'Sidarthanagar - Bhairahawa', '2025-08-25 21:21:44', NULL),
(111, 5, 'Sunwal', '2025-08-25 21:21:44', NULL),
(112, 5, 'Tansen', '2025-08-25 21:21:44', NULL),
(113, 5, 'Taulihawa - Kapilvastu', '2025-08-25 21:21:44', NULL),
(114, 5, 'Tilotama', '2025-08-25 21:21:44', NULL),
(115, 6, 'Bardibas', '2025-08-25 21:22:43', NULL),
(116, 6, 'Birgunj', '2025-08-25 21:22:43', NULL),
(117, 6, 'Chandrapur', '2025-08-25 21:22:43', NULL),
(118, 6, 'Chhireswarnath', '2025-08-25 21:22:43', NULL),
(119, 6, 'Dhanushadham', '2025-08-25 21:22:43', NULL),
(120, 6, 'Golbazar', '2025-08-25 21:22:43', NULL),
(121, 6, 'Hansapur', '2025-08-25 21:22:43', NULL),
(122, 6, 'Hariwan', '2025-08-25 21:22:43', NULL),
(123, 6, 'Jaleswor', '2025-08-25 21:22:43', NULL),
(124, 6, 'Janakpur', '2025-08-25 21:22:43', NULL),
(125, 6, 'Jeetpur - Simara', '2025-08-25 21:22:43', NULL),
(126, 6, 'Kalaiya', '2025-08-25 21:22:43', NULL),
(127, 6, 'Lahan', '2025-08-25 21:22:43', NULL),
(128, 6, 'Lalbandi', '2025-08-25 21:22:43', NULL),
(129, 6, 'Malangwa', '2025-08-25 21:22:43', NULL),
(130, 6, 'Mirchaiya', '2025-08-25 21:22:43', NULL),
(131, 6, 'Mithila', '2025-08-25 21:22:43', NULL),
(132, 6, 'Mithila Bihari', '2025-08-25 21:22:43', NULL),
(133, 6, 'Nagarain', '2025-08-25 21:22:43', NULL),
(134, 6, 'Rajbiraj', '2025-08-25 21:22:43', NULL),
(135, 6, 'Sabaila', '2025-08-25 21:22:43', NULL),
(136, 6, 'Shahidnagar', '2025-08-25 21:22:43', NULL),
(137, 7, 'Bhajani', '2025-08-25 21:24:56', NULL),
(138, 7, 'Bhimdatta-Mahendranagar', '2025-08-25 21:24:56', NULL),
(139, 7, 'Dhangadhi', '2025-08-25 21:24:56', NULL),
(140, 7, 'Gauriganga', '2025-08-25 21:24:56', NULL),
(141, 7, 'Ghodaghodi', '2025-08-25 21:24:56', NULL),
(142, 7, 'Godawari', '2025-08-25 21:24:56', NULL),
(143, 7, 'Lamki Chuha', '2025-08-25 21:24:56', NULL),
(144, 7, 'Tikapur', '2025-08-25 21:24:56', NULL),
(145, 7, 'Dadeldhura', '2025-08-25 21:24:56', NULL),
(146, 7, 'Baitadi', '2025-08-25 21:24:56', NULL),
(147, 7, 'Shanfe Bagar', '2025-08-25 21:24:56', NULL),
(148, 7, 'Dipayal', '2025-08-25 21:24:56', NULL),
(149, 7, 'Shilgadhi', '2025-08-25 21:24:56', NULL),
(150, 7, 'Darchula', '2025-08-25 21:24:56', NULL),
(151, 7, 'Bajhang', '2025-08-25 21:24:56', NULL);

-- --------------------------------------------------------

--
-- Table structure for table `provinces`
--

CREATE TABLE `provinces` (
  `id` int NOT NULL,
  `name` varchar(255) NOT NULL,
  `created_at` datetime NOT NULL DEFAULT CURRENT_TIMESTAMP,
  `deleted_at` datetime DEFAULT NULL
) ENGINE=InnoDB DEFAULT CHARSET=utf8mb4 COLLATE=utf8mb4_0900_ai_ci;

--
-- Dumping data for table `provinces`
--

INSERT INTO `provinces` (`id`, `name`, `created_at`, `deleted_at`) VALUES
(1, 'Bagmati Province', '2025-08-25 20:55:59', NULL),
(2, 'Gandaki Province', '2025-08-25 20:55:59', NULL),
(3, 'Karnali Province', '2025-08-25 20:55:59', NULL),
(4, 'Koshi Province', '2025-08-25 20:55:59', NULL),
(5, 'Lumbini Province', '2025-08-25 20:55:59', NULL),
(6, 'Madhesh Province', '2025-08-25 20:55:59', NULL),
(7, 'Sudurpaschim Province', '2025-08-25 20:55:59', NULL);

-- --------------------------------------------------------

--
-- Table structure for table `zones`
--

CREATE TABLE `zones` (
  `id` int NOT NULL,
  `city_id` int NOT NULL,
  `name` varchar(255) NOT NULL,
  `created_at` datetime NOT NULL DEFAULT CURRENT_TIMESTAMP,
  `deleted_at` datetime DEFAULT NULL
) ENGINE=InnoDB DEFAULT CHARSET=utf8mb4 COLLATE=utf8mb4_0900_ai_ci;

--
-- Dumping data for table `zones`
--

INSERT INTO `zones` (`id`, `city_id`, `name`, `created_at`, `deleted_at`) VALUES
(1, 1, '28 Kilo Area', '2025-08-25 21:27:28', NULL),
(2, 1, 'Banepa Chowk Area', '2025-08-25 21:27:28', NULL),
(3, 1, 'Basghari Area', '2025-08-25 21:27:28', NULL),
(4, 1, 'Bhainsepati Area', '2025-08-25 21:27:28', NULL),
(5, 1, 'Budol Area', '2025-08-25 21:27:28', NULL),
(6, 1, 'Chandeshwori Temple Area', '2025-08-25 21:27:28', NULL),
(7, 1, 'Dhulikhel Area', '2025-08-25 21:27:28', NULL),
(8, 1, 'Kathmandu University Area', '2025-08-25 21:27:28', NULL),
(9, 1, 'Nala', '2025-08-25 21:27:28', NULL),
(10, 1, 'Naya Basti Area', '2025-08-25 21:27:28', NULL),
(11, 1, 'Sanga', '2025-08-25 21:27:28', NULL),
(12, 1, 'Tindobato Area', '2025-08-25 21:27:28', NULL),
(13, 1, 'Ugratara Janagal Bus Stop Area', '2025-08-25 21:27:28', NULL),
(14, 2, 'Balkot Area', '2025-08-25 21:29:26', NULL),
(15, 2, 'Biruwa Buspark Area', '2025-08-25 21:29:26', NULL),
(16, 2, 'Bode', '2025-08-25 21:29:26', NULL),
(17, 2, 'Duwakot', '2025-08-25 21:29:26', NULL),
(18, 2, 'Gaththaghar Area', '2025-08-25 21:29:26', NULL),
(19, 2, 'Jagati Area', '2025-08-25 21:29:26', NULL),
(20, 2, 'Kamalbinayak Area', '2025-08-25 21:29:26', NULL),
(21, 2, 'Katunje Area', '2025-08-25 21:29:26', NULL),
(22, 2, 'Kausaltar Area', '2025-08-25 21:29:26', NULL),
(23, 2, 'Kharipati', '2025-08-25 21:29:26', NULL),
(24, 2, 'Lohakanthali Area', '2025-08-25 21:29:26', NULL),
(25, 2, 'New Thimi', '2025-08-25 21:29:26', NULL),
(26, 2, 'Old Thimi', '2025-08-25 21:29:26', NULL),
(27, 2, 'Palanse', '2025-08-25 21:29:26', NULL),
(28, 2, 'Sallaghari Area', '2025-08-25 21:29:26', NULL),
(29, 2, 'Sano Thimi Area', '2025-08-25 21:29:26', NULL),
(30, 2, 'Sirutar', '2025-08-25 21:29:26', NULL),
(31, 2, 'Suryabinayak Area', '2025-08-25 21:29:26', NULL),
(32, 3, 'Airport Area', '2025-08-25 21:32:56', NULL),
(33, 3, 'Barhaghare Area', '2025-08-25 21:32:56', NULL),
(34, 3, 'Basant Chowk Area', '2025-08-25 21:32:56', NULL),
(35, 3, 'Baseni Area', '2025-08-25 21:32:56', NULL),
(36, 3, 'Belchowk Area', '2025-08-25 21:32:56', NULL),
(37, 3, 'Bhojad Area', '2025-08-25 21:32:56', NULL),
(38, 3, 'Bhrikuti Paper Mills Area', '2025-08-25 21:32:56', NULL),
(39, 3, 'Birendra Campus Area', '2025-08-25 21:32:56', NULL),
(40, 3, 'Buspark Area', '2025-08-25 21:32:56', NULL),
(41, 3, 'Cancer Hospital Area', '2025-08-25 21:32:56', NULL),
(42, 3, 'Champa Chaur Area', '2025-08-25 21:32:56', NULL),
(43, 3, 'Chanauli', '2025-08-25 21:32:56', NULL),
(44, 3, 'Chaubiskoti Area', '2025-08-25 21:32:56', NULL),
(45, 3, 'Fulbari', '2025-08-25 21:32:56', NULL),
(46, 3, 'Furti Chowk', '2025-08-25 21:32:56', NULL),
(47, 3, 'Gauriganj Area', '2025-08-25 21:32:56', NULL),
(48, 3, 'Hakim Chowk Area', '2025-08-25 21:32:56', NULL),
(49, 3, 'Indradev Marga Area', '2025-08-25 21:32:56', NULL),
(50, 3, 'Jalma Hall Area', '2025-08-25 21:32:56', NULL),
(51, 3, 'Jugedi Area', '2025-08-25 21:32:56', NULL),
(52, 3, 'Junhall Road', '2025-08-25 21:32:56', NULL),
(53, 3, 'Kamal Nagar Area', '2025-08-25 21:32:56', NULL),
(54, 3, 'Krishnapur Area', '2025-08-25 21:32:56', NULL),
(55, 3, 'Lankhu Area', '2025-08-25 21:32:56', NULL),
(56, 3, 'Lions Chowk Area', '2025-08-25 21:32:56', NULL),
(57, 3, 'Mangalpur', '2025-08-25 21:32:56', NULL),
(58, 3, 'Munal Chowk Area', '2025-08-25 21:32:56', NULL),
(59, 3, 'Narayani Path Area', '2025-08-25 21:32:56', NULL),
(60, 3, 'Paras Buspark Area', '2025-08-25 21:32:56', NULL),
(61, 3, 'Pokhara Buspark Area', '2025-08-25 21:32:56', NULL),
(62, 3, 'Putalisadak Area', '2025-08-25 21:32:56', NULL),
(63, 3, 'Ramnagar Area', '2025-08-25 21:32:56', NULL),
(64, 3, 'Rampur', '2025-08-25 21:32:56', NULL),
(65, 3, 'Shahid Chowk Area', '2025-08-25 21:32:56', NULL),
(66, 3, 'Sharadpur Area', '2025-08-25 21:32:56', NULL),
(67, 3, 'Shardanagar', '2025-08-25 21:32:56', NULL),
(68, 3, 'Thulo Balkumari Area', '2025-08-25 21:32:56', NULL),
(69, 3, 'Tikauli', '2025-08-25 21:32:56', NULL),
(70, 4, 'Buspark Chowk', '2025-08-25 21:51:03', NULL),
(71, 4, 'Charihang', '2025-08-25 21:51:03', NULL),
(72, 4, 'Dolakha Bazar Area', '2025-08-25 21:51:03', NULL),
(73, 4, 'Makaibari', '2025-08-25 21:51:03', NULL),
(74, 4, 'Tundikhel', '2025-08-25 21:51:03', NULL),
(75, 5, 'Bidur chowk', '2025-08-25 21:52:15', NULL),
(76, 5, 'Colony Area', '2025-08-25 21:52:15', NULL),
(77, 5, 'Trishuli Bazar', '2025-08-25 21:52:40', NULL),
(78, 6, 'Bastipur', '2025-08-25 21:55:09', NULL),
(79, 6, 'Buddha Chowk', '2025-08-25 21:55:09', NULL),
(80, 6, 'Cement Factory Area', '2025-08-25 21:55:09', NULL),
(81, 6, 'Chauki Tole Area', '2025-08-25 21:55:09', NULL),
(82, 6, 'China Quarters Area', '2025-08-25 21:55:09', NULL),
(83, 6, 'Eye Hospital Area', '2025-08-25 21:55:09', NULL),
(84, 6, 'Forestry Institute Area', '2025-08-25 21:55:09', NULL),
(85, 6, 'Hatiya - Chisapani Area', '2025-08-25 21:55:09', NULL),
(86, 6, 'Hetauda Bus Park Area', '2025-08-25 21:55:09', NULL),
(87, 6, 'Hetauda Industrial Estate', '2025-08-25 21:55:09', NULL),
(88, 6, 'Hupra Chaur Area', '2025-08-25 21:55:09', NULL),
(89, 6, 'Kamal Dada', '2025-08-25 21:55:09', NULL),
(90, 6, 'Kamane', '2025-08-25 21:55:09', NULL),
(91, 6, 'Makwanpur Campus Area', '2025-08-25 21:55:09', NULL),
(92, 6, 'Manahari Bazar', '2025-08-25 21:55:09', NULL),
(93, 6, 'Nawalpur', '2025-08-25 21:55:09', NULL),
(94, 6, 'Padam Pokhari', '2025-08-25 21:55:09', NULL),
(95, 6, 'Rajaiya', '2025-08-25 21:55:09', NULL),
(96, 6, 'Ratomate Bazar Area', '2025-08-25 21:55:09', NULL),
(97, 6, 'Sanopokhara Area', '2025-08-25 21:55:09', NULL),
(98, 6, 'Seema Chowk Area', '2025-08-25 21:55:09', NULL),
(99, 6, 'TCN Area', '2025-08-25 21:55:09', NULL),
(100, 6, 'Thana Bharyang Area', '2025-08-25 21:55:09', NULL),
(101, 6, 'Uniliver Factory Area', '2025-08-25 21:55:09', NULL),
(102, 7, 'Gunjaman Singh Memorial Hospital Area', '2025-08-25 21:56:40', NULL),
(103, 7, 'Jaymangala Bus Park Area', '2025-08-25 21:56:40', NULL),
(104, 7, 'Jirauna Chowk', '2025-08-25 21:56:40', NULL),
(105, 7, 'Jutpani Chowk', '2025-08-25 21:56:40', NULL),
(106, 7, 'Kholesimal', '2025-08-25 21:56:40', NULL),
(107, 7, 'Subba Chowk', '2025-08-25 21:56:40', NULL),
(108, 8, 'Apex College Area - Pipal Bot', '2025-08-25 22:06:17', NULL),
(109, 8, 'Bijuli Bazar', '2025-08-25 22:06:17', NULL),
(110, 8, 'Buddhanagar', '2025-08-25 22:06:17', NULL),
(111, 8, 'Civil Hospital Area', '2025-08-25 22:06:17', NULL),
(112, 8, 'Ekta Marg', '2025-08-25 22:06:17', NULL),
(113, 8, 'New Baneshwor Chowk', '2025-08-25 22:06:17', NULL),
(114, 8, 'Ratna Rajya Area', '2025-08-25 22:06:17', NULL),
(115, 8, 'Shankhamul Area', '2025-08-25 22:06:17', NULL),
(116, 8, 'Thapagaun Area', '2025-08-25 22:06:17', NULL),
(117, 9, 'Babarmahal', '2025-08-25 22:15:10', NULL),
(118, 9, 'Maitighar', '2025-08-25 22:15:10', NULL),
(119, 9, 'Shahid Gate', '2025-08-25 22:15:10', NULL),
(120, 9, 'Thapathali', '2025-08-25 22:15:10', NULL),
(121, 9, 'Tripureshwor', '2025-08-25 22:15:10', NULL),
(122, 10, 'Teku', '2025-08-25 22:15:39', NULL),
(123, 11, 'Bafal', '2025-08-25 22:17:05', NULL),
(124, 11, 'Kalimati', '2025-08-25 22:17:05', NULL),
(125, 11, 'Soalteemode', '2025-08-25 22:17:05', NULL),
(126, 11, 'Tahachal', '2025-08-25 22:17:05', NULL),
(127, 11, 'Tankeshwor', '2025-08-25 22:17:05', NULL),
(128, 12, 'Balkhu', '2025-08-25 22:26:54', NULL),
(129, 12, 'Kalanki Chowk', '2025-08-25 22:26:54', NULL),
(130, 12, 'Kuleshwor', '2025-08-25 22:26:54', NULL),
(131, 12, 'Ravi Bhawan', '2025-08-25 22:26:54', NULL),
(132, 13, 'Bahiti', '2025-08-25 23:22:58', NULL),
(133, 13, 'Bijeshwori', '2025-08-25 23:22:58', NULL),
(134, 13, 'Chhauni', '2025-08-25 23:22:58', NULL),
(135, 13, 'Dallu', '2025-08-25 23:22:58', NULL),
(136, 13, 'Kimdol', '2025-08-25 23:22:58', NULL),
(137, 13, 'Sobhabhagawati', '2025-08-25 23:22:58', NULL),
(138, 13, 'Swayambhu - Bhuikhel', '2025-08-25 23:22:58', NULL),
(139, 14, 'Balaju - Bypass', '2025-08-25 23:25:03', NULL),
(140, 14, 'Balaju Chauki', '2025-08-25 23:25:03', NULL),
(141, 14, 'Balaju Chowk', '2025-08-25 23:25:03', NULL),
(142, 14, 'Balaju - Machha Pokhari', '2025-08-25 23:25:03', NULL),
(143, 14, 'Banasthali', '2025-08-25 23:25:03', NULL),
(144, 14, 'Banasthali Dhungedhara', '2025-08-25 23:25:03', NULL),
(145, 14, 'Kaldhara', '2025-08-25 23:25:03', NULL),
(146, 14, 'Khusibu', '2025-08-25 23:25:03', NULL),
(147, 14, 'Paknajol', '2025-08-25 23:25:03', NULL),
(148, 14, 'People\'s Dental Campus Area', '2025-08-25 23:25:03', NULL),
(149, 14, 'Sorhakhutte', '2025-08-25 23:25:03', NULL),
(150, 15, 'Chhetrapati', '2025-08-25 23:26:39', NULL),
(151, 15, 'Dhalko', '2025-08-25 23:26:39', NULL),
(152, 15, 'Dhobichaur', '2025-08-25 23:26:39', NULL),
(153, 16, 'Bhurungkhel', '2025-08-25 23:27:50', NULL),
(154, 16, 'Raktakali', '2025-08-25 23:27:50', NULL),
(155, 17, 'Hanumandhoka', '2025-08-25 23:30:09', NULL),
(156, 17, 'Tamsipakha', '2025-08-25 23:30:09', NULL),
(157, 18, 'Durbarmarg', '2025-08-25 23:31:28', NULL),
(158, 18, 'Hattisar Area', '2025-08-25 23:31:28', NULL),
(159, 18, 'Jamal', '2025-08-25 23:31:28', NULL),
(160, 18, 'Kamal Pokhari Area', '2025-08-25 23:31:28', NULL),
(161, 18, 'Kantipath', '2025-08-25 23:31:28', NULL),
(162, 18, 'Naxal Bhagwati Bahal Area', '2025-08-25 23:31:28', NULL),
(163, 18, 'Naxal Narayan Chour', '2025-08-25 23:31:28', NULL),
(164, 19, 'Jaishidebal', '2025-08-25 23:32:57', NULL),
(165, 19, 'Marutole', '2025-08-25 23:32:57', NULL),
(166, 20, 'Ikubahal', '2025-08-25 23:36:11', NULL),
(167, 20, 'Lagantole', '2025-08-25 23:36:11', NULL),
(168, 20, 'Tebahal', '2025-08-25 23:36:11', NULL),
(169, 21, 'Dharmapath', '2025-08-25 23:37:28', NULL),
(170, 21, 'Khichhapokhari', '2025-08-25 23:37:28', NULL),
(171, 21, 'Newroad', '2025-08-25 23:37:28', NULL),
(172, 21, 'Om Bahal Area', '2025-08-25 23:37:28', NULL),
(173, 21, 'Sundhara', '2025-08-25 23:37:28', NULL),
(174, 22, 'Basantpur', '2025-08-25 23:39:59', NULL),
(175, 23, 'Indrachowk', '2025-08-25 23:41:15', NULL),
(176, 23, 'Naradevi', '2025-08-25 23:41:15', NULL),
(177, 24, 'Ason', '2025-08-25 23:42:56', NULL),
(178, 24, 'Kilagal', '2025-08-25 23:42:56', NULL),
(179, 24, 'Tengal', '2025-08-25 23:43:36', NULL),
(180, 25, 'Gongabu Chowk', '2025-08-25 23:45:25', NULL),
(181, 25, 'Kapurdhara', '2025-08-25 23:45:25', NULL),
(182, 25, 'Mehpi', '2025-08-25 23:45:25', NULL),
(183, 25, 'Mitra Nagar', '2025-08-25 23:45:25', NULL),
(184, 25, 'Nayabus park', '2025-08-25 23:45:25', NULL),
(185, 25, 'Ranibari', '2025-08-25 23:45:25', NULL),
(186, 25, 'Samakhusi', '2025-08-25 23:45:25', NULL),
(187, 26, 'Galkhopakha', '2025-08-25 23:48:47', NULL),
(188, 26, 'Jyatha', '2025-08-25 23:48:47', NULL),
(189, 26, 'Lainchaur', '2025-08-25 23:48:47', NULL),
(190, 26, 'Thamel', '2025-08-25 23:48:47', NULL),
(191, 27, 'Bhotahiti', '2025-08-25 23:50:00', NULL),
(192, 27, 'Kamalakshi', '2025-08-25 23:50:00', NULL),
(193, 28, 'Bagbazar', '2025-08-25 23:51:34', NULL),
(194, 28, 'Bhrikutimandap', '2025-08-25 23:51:34', NULL),
(195, 28, 'Ratnapark', '2025-08-25 23:51:49', NULL),
(196, 29, 'Bir Hospital', '2025-08-25 23:54:15', NULL),
(197, 29, 'Kamaladi', '2025-08-25 23:54:15', NULL),
(198, 29, 'Tundikhel', '2025-08-25 23:54:33', NULL),
(199, 30, 'Anamnagar', '2025-08-25 23:56:28', NULL),
(200, 30, 'Ghattekulo', '2025-08-25 23:56:28', NULL),
(201, 30, 'Singha Durbar', '2025-08-25 23:57:22', NULL),
(202, 31, 'Bhaktapur Buspark', '2025-08-26 00:00:06', NULL),
(203, 31, 'Exhibition Road', '2025-08-26 00:00:06', NULL),
(204, 31, 'Newplaza Area', '2025-08-26 00:00:06', NULL),
(205, 31, 'Putalisadak', '2025-08-26 00:00:06', NULL),
(206, 32, 'Dhobichaur', '2025-08-26 00:01:22', NULL),
(207, 32, 'Gairidhara', '2025-08-26 00:01:22', NULL),
(208, 32, 'Lazimpat', '2025-08-26 00:01:39', NULL),
(209, 33, 'Dillibazar Pipalbot', '2025-08-26 17:27:52', NULL),
(210, 33, 'Gyaneshwor', '2025-08-26 17:27:52', NULL),
(211, 33, 'Maitidevi', '2025-08-26 17:27:52', NULL),
(212, 34, 'Aloknagar', '2025-08-26 17:29:11', NULL),
(213, 34, 'Bhimsengola', '2025-08-26 17:29:11', NULL),
(214, 34, 'Chhitij Nagar', '2025-08-26 17:29:11', NULL),
(215, 34, 'Katyani Chowk Area', '2025-08-26 17:29:11', NULL),
(216, 34, 'Milan Chowk Area', '2025-08-26 17:29:11', NULL),
(217, 34, 'Min Bhawan', '2025-08-26 17:29:11', NULL),
(218, 34, 'Shantinagar', '2025-08-26 17:29:11', NULL),
(219, 35, 'Jadibuti Area', '2025-08-26 17:30:13', NULL),
(220, 35, 'Kandaghari', '2025-08-26 17:30:13', NULL),
(221, 35, 'Koteshwor Chowk', '2025-08-26 17:30:13', NULL),
(222, 35, 'Mahadevsthan', '2025-08-26 17:30:13', NULL),
(223, 35, 'Narephat', '2025-08-26 17:30:13', NULL),
(224, 35, 'Pepsicola Area', '2025-08-26 17:30:13', NULL),
(225, 36, 'Subidhanagar', '2025-08-26 17:30:56', NULL),
(226, 36, 'Tinkune', '2025-08-26 17:30:56', NULL),
(227, 37, 'Baluwatar', '2025-08-26 17:34:12', NULL),
(228, 37, 'Lamtangin Marg', '2025-08-26 17:34:12', NULL),
(229, 37, 'Pabitra Workshop Area', '2025-08-26 17:34:12', NULL),
(230, 37, 'Panchakanya School Area', '2025-08-26 17:34:12', NULL),
(231, 37, 'Panipokhari', '2025-08-26 17:34:12', NULL),
(232, 38, 'Basundhara inside ringroad area', '2025-08-26 17:42:33', NULL),
(233, 38, 'Narayan Gopal Chowk Area', '2025-08-26 17:42:33', NULL),
(234, 38, 'Teaching Hospital', '2025-08-26 17:42:33', NULL),
(235, 39, 'Bishalnagar', '2025-08-26 17:57:59', NULL),
(236, 39, 'Chandol', '2025-08-26 17:57:59', NULL),
(237, 39, 'Chapal Karkhana', '2025-08-26 17:57:59', NULL),
(238, 39, 'Chun Devi', '2025-08-26 17:57:59', NULL),
(239, 39, 'Dhumbarahi Chowk', '2025-08-26 17:57:59', NULL),
(240, 39, 'Dhumbarahi Pipalbot', '2025-08-26 17:57:59', NULL),
(241, 39, 'Sukedhara', '2025-08-26 17:57:59', NULL),
(242, 40, 'Bhatbhateni', '2025-08-26 17:59:15', NULL),
(243, 40, 'Handigaun', '2025-08-26 17:59:15', NULL),
(244, 40, 'Maligaun', '2025-08-26 17:59:15', NULL),
(245, 40, 'Sano Gaucharan', '2025-08-26 17:59:15', NULL),
(246, 40, 'Tangal', '2025-08-26 17:59:15', NULL),
(247, 41, 'Chabahil Chowk', '2025-08-26 18:00:47', NULL),
(248, 41, 'Chuchepati', '2025-08-26 18:00:47', NULL),
(249, 41, 'Gangahiti', '2025-08-26 18:00:47', NULL),
(250, 41, 'Gaurighat', '2025-08-26 18:00:47', NULL),
(251, 41, 'Gopikrishna Hall Area', '2025-08-26 18:00:47', NULL),
(252, 41, 'Kalopul', '2025-08-26 18:00:47', NULL),
(253, 41, 'Kumaristhan', '2025-08-26 18:00:47', NULL),
(254, 41, 'Maijubahal', '2025-08-26 18:00:47', NULL),
(255, 41, 'Mitrapark', '2025-08-26 18:00:47', NULL),
(256, 41, 'Siphal', '2025-08-26 18:00:47', NULL),
(257, 42, 'Gaushala', '2025-08-26 18:02:52', NULL),
(258, 42, 'Jayabageshwori', '2025-08-26 18:02:52', NULL),
(259, 42, 'Pashupathinath', '2025-08-26 18:02:52', NULL),
(260, 42, 'Pingalasthan', '2025-08-26 18:02:52', NULL),
(261, 42, 'Ram Mandir', '2025-08-26 18:02:52', NULL),
(262, 43, 'Airport', '2025-08-26 18:19:58', NULL),
(263, 43, 'Battisputali', '2025-08-26 18:19:58', NULL),
(264, 43, 'Gaurigaun', '2025-08-26 18:19:58', NULL),
(265, 43, 'Old Baneshwor', '2025-08-26 18:19:58', NULL),
(266, 43, 'Sinamangal', '2025-08-26 18:19:58', NULL),
(267, 43, 'Tilganga', '2025-08-26 18:19:58', NULL),
(268, 44, 'Bouddha Area - Dibya Nagar', '2025-08-26 18:22:21', NULL),
(269, 44, 'Bouddha Area - Kumarigal', '2025-08-26 18:22:21', NULL),
(270, 44, 'Bouddha Area - Nayabasti', '2025-08-26 18:22:21', NULL),
(271, 44, 'Boudha Area', '2025-08-26 18:22:21', NULL),
(272, 44, 'Boudha Area - Fulbari', '2025-08-26 18:22:21', NULL),
(273, 44, 'Boudha Area - Tushal', '2025-08-26 18:22:21', NULL),
(274, 44, 'Budhanilkantha - Baluwakhani', '2025-08-26 18:22:21', NULL),
(275, 44, 'Budhanilkantha - Basbari Area', '2025-08-26 18:22:21', NULL),
(276, 44, 'Budhanilkantha - Budhanilkantha Nayapul', '2025-08-26 18:22:21', NULL),
(277, 44, 'Budhanilkantha - Chapali Area', '2025-08-26 18:22:21', NULL),
(278, 44, 'Budhanilkantha - Chunikhel Buspark Area', '2025-08-26 18:22:21', NULL),
(279, 44, 'Budhanilkantha - Golfutar Area', '2025-08-26 18:22:21', NULL),
(280, 44, 'Budhanilkantha - Hatiigauda Area', '2025-08-26 18:22:21', NULL),
(281, 44, 'Budhanilkantha - Kapan Akasedhara', '2025-08-26 18:22:21', NULL),
(282, 44, 'Budhanilkantha - Kapan Chauki Area', '2025-08-26 18:22:21', NULL),
(283, 44, 'Budhanilkantha - Kapan Saraswotinagar', '2025-08-26 18:22:21', NULL),
(284, 44, 'Budhanilkantha - Mandikhatar Area', '2025-08-26 18:22:21', NULL),
(285, 44, 'Budhanilkantha - Narayanthan Temple Area', '2025-08-26 18:22:21', NULL),
(286, 44, 'Budhanilkantha - Paiyatar Area', '2025-08-26 18:22:21', NULL),
(287, 44, 'Budhanilkantha - Pasikot Area', '2025-08-26 18:22:21', NULL),
(288, 44, 'Chandragiri - Balambu Area', '2025-08-26 18:22:21', NULL),
(289, 44, 'Chandragiri - Dahachowk', '2025-08-26 18:22:21', NULL),
(290, 44, 'Chandragiri - Gurjudhara Area', '2025-08-26 18:22:21', NULL),
(291, 44, 'Chandragiri - Kalanki Area', '2025-08-26 18:22:21', NULL),
(292, 44, 'Chandragiri - Khadka Gaun', '2025-08-26 18:22:21', NULL),
(293, 44, 'Chandragiri - Macchegaun', '2025-08-26 18:22:21', NULL),
(294, 44, 'Chandragiri - Matatirtha Area', '2025-08-26 18:22:21', NULL),
(295, 44, 'Chandragiri - Nagdhunga', '2025-08-26 18:22:21', NULL),
(296, 44, 'Chandragiri - Satungal Area', '2025-08-26 18:22:21', NULL),
(297, 44, 'Chandragiri - Thankot Checkpost Area', '2025-08-26 18:22:21', NULL),
(298, 44, 'Chandragiri - Tinthana Area', '2025-08-26 18:22:21', NULL),
(299, 44, 'Dakshinkali - Chalnakhel', '2025-08-26 18:22:21', NULL),
(300, 44, 'Dakshinkali - Pharping', '2025-08-26 18:22:21', NULL),
(301, 44, 'Gokarneshwar - Arubari', '2025-08-26 18:22:21', NULL),
(302, 44, 'Gokarneshwar - Attarkhel Area', '2025-08-26 18:22:21', NULL),
(303, 44, 'Gokarneshwar - Jorpati Area', '2025-08-26 18:22:21', NULL),
(304, 44, 'Gokarneshwar - Jorpati Narayantar', '2025-08-26 18:22:21', NULL),
(305, 44, 'Gokarneshwar - Jorpati Nayabasti', '2025-08-26 18:22:21', NULL),
(306, 44, 'Gokarneshwar - Makalbari', '2025-08-26 18:22:21', NULL),
(307, 44, 'Gokarneshwar - Makalbari Dakshindhoka', '2025-08-26 18:22:21', NULL),
(308, 44, 'Gokarneshwar - Sundarijal', '2025-08-26 18:22:21', NULL),
(309, 44, 'Gokarneshwar - Tinchuli', '2025-08-26 18:22:21', NULL),
(310, 44, 'Gokarneshwor - Nayapati', '2025-08-26 18:22:21', NULL),
(311, 44, 'Gokarneshwor Temple Area', '2025-08-26 18:22:21', NULL),
(312, 44, 'Kageshwori Manohara - Gothatar Tej Binayak Chowk', '2025-08-26 18:22:21', NULL),
(313, 44, 'Kageshwori Manohara - Green Hill City Area', '2025-08-26 18:22:21', NULL),
(314, 44, 'Kageshwori Manohara - Mulpani', '2025-08-26 18:22:21', NULL),
(315, 44, 'Kageshwori Manohara - Thali', '2025-08-26 18:22:21', NULL),
(316, 44, 'Kirtipur - Buspark Area', '2025-08-26 18:22:21', NULL),
(317, 44, 'Kirtipur - Chovar', '2025-08-26 18:22:21', NULL),
(318, 44, 'Kirtipur - Nayabazar Area', '2025-08-26 18:22:21', NULL),
(319, 44, 'Kirtipur - Panga Area', '2025-08-26 18:22:21', NULL),
(320, 44, 'Kirtipur - Taudaha', '2025-08-26 18:22:21', NULL),
(321, 44, 'Kirtipur - TU Area', '2025-08-26 18:22:21', NULL),
(322, 44, 'Kirtipur - Tyanglaphat Area', '2025-08-26 18:22:21', NULL),
(323, 44, 'Nagarjun - Banasthali Kharibot Chowk', '2025-08-26 18:22:21', NULL),
(324, 44, 'Nagarjun - Bhimdunga', '2025-08-26 18:22:21', NULL),
(325, 44, 'Nagarjun - Boharatar Area', '2025-08-26 18:22:21', NULL),
(326, 44, 'Nagarjun - Buddha Park Area', '2025-08-26 18:22:21', NULL),
(327, 44, 'Nagarjun - Dadapauwa Ramkot Area', '2025-08-26 18:22:21', NULL),
(328, 44, 'Nagarjun - Naya Naikap', '2025-08-26 18:22:21', NULL),
(329, 44, 'Nagarjun - Nursery chowk', '2025-08-26 18:22:21', NULL),
(330, 44, 'Nagarjun - Padma Colony', '2025-08-26 18:22:21', NULL),
(331, 44, 'Nagarjun - Purano Naikap', '2025-08-26 18:22:21', NULL),
(332, 44, 'Nagarjun - Radhakrishna mandir', '2025-08-26 18:22:21', NULL),
(333, 44, 'Nagarjun - Sano Bharyang Area', '2025-08-26 18:22:21', NULL),
(334, 44, 'Nagarjun - Saranpur', '2025-08-26 18:22:21', NULL),
(335, 44, 'Nagarjun - Sitapaila Area', '2025-08-26 18:22:21', NULL),
(336, 44, 'Nagarjun - Soltee Dobato Area', '2025-08-26 18:22:21', NULL),
(337, 44, 'Nagarjun - Syuchatar', '2025-08-26 18:22:21', NULL),
(338, 44, 'Nagarjun - Thulo Bharyang Area', '2025-08-26 18:22:21', NULL),
(339, 44, 'Nagarjun - Thulo Bharyang Buddha Chowk', '2025-08-26 18:22:21', NULL),
(340, 44, 'Nagarjun - Thulo Bharyang Gairigaun', '2025-08-26 18:22:21', NULL),
(341, 44, 'Nagarjun - Thulo Bharyang Namgel Chowk', '2025-08-26 18:22:21', NULL),
(342, 44, 'Nagarjun - Thulo Bharyang Tindhara', '2025-08-26 18:22:21', NULL),
(343, 44, 'Nagarjun - White Gumba', '2025-08-26 18:22:21', NULL),
(344, 44, 'Shankharapur - Salambutar', '2025-08-26 18:22:21', NULL),
(345, 44, 'Shankharapur - Sankhu', '2025-08-26 18:22:21', NULL),
(346, 44, 'Tarakeshwor - Dandagaun Area', '2025-08-26 18:22:21', NULL),
(347, 44, 'Tarakeshwor - Dharmasthali', '2025-08-26 18:22:21', NULL),
(348, 44, 'Tarakeshwor - Goldhunga Nagarjun School Area', '2025-08-26 18:22:21', NULL),
(349, 44, 'Tarakeshwor - Hiledol Area', '2025-08-26 18:22:21', NULL),
(350, 44, 'Tarakeshwor - Jarankhu Area', '2025-08-26 18:22:21', NULL),
(351, 44, 'Tarakeshwor - Kavresthali Buspark Area', '2025-08-26 18:22:21', NULL),
(352, 44, 'Tarakeshwor - Lolang Area', '2025-08-26 18:22:21', NULL),
(353, 44, 'Tarakeshwor - Manamaiju Area', '2025-08-26 18:22:21', NULL),
(354, 44, 'Tarakeshwor - Nepaltar Area', '2025-08-26 18:22:21', NULL),
(355, 44, 'Tarakeshwor - Phutung Bus Stop Area', '2025-08-26 18:22:21', NULL),
(356, 44, 'Tarakeshwor - Purano Gueshwari Area', '2025-08-26 18:22:21', NULL),
(357, 44, 'Tokha - Baniyatar', '2025-08-26 18:22:21', NULL),
(358, 44, 'Tokha - Basundhara Area', '2025-08-26 18:22:21', NULL),
(359, 44, 'Tokha - Bhatke Ko Pool', '2025-08-26 18:22:21', NULL),
(360, 44, 'Tokha - Bhutkhel', '2025-08-26 18:22:21', NULL),
(361, 44, 'Tokha - Dhapasi Area', '2025-08-26 18:22:21', NULL),
(362, 44, 'Tokha - Gongabu Area', '2025-08-26 18:22:21', NULL),
(363, 44, 'Tokha - Grande Area', '2025-08-26 18:22:21', NULL),
(364, 44, 'Tokha - Jalpachowk', '2025-08-26 18:22:21', NULL),
(365, 44, 'Tokha - Suryadarshan Height', '2025-08-26 18:22:21', NULL),
(366, 44, 'Tokha - Tokha Ganeshthan Area', '2025-08-26 18:22:21', NULL),
(367, 45, 'Jyamire', '2025-08-26 18:23:35', NULL),
(368, 45, 'Parsa Chaubiskoti', '2025-08-26 18:23:35', NULL),
(369, 45, 'Purano Parsa', '2025-08-26 18:23:35', NULL),
(370, 46, 'Bakhundole Area', '2025-08-26 18:26:08', NULL),
(371, 46, 'Jwagal Area', '2025-08-26 18:26:08', NULL),
(372, 46, 'Ward 10 - Chakupat Area', '2025-08-26 18:26:08', NULL),
(373, 46, 'Ward 11 - Banglamukhi Area', '2025-08-26 18:26:08', NULL),
(374, 46, 'Ward 12 - Thaina Area', '2025-08-26 18:26:08', NULL),
(375, 46, 'Ward 14 - Kusunti Area', '2025-08-26 18:26:08', NULL),
(376, 46, 'Ward 15 - Lagankhel Area', '2025-08-26 18:26:08', NULL),
(377, 46, 'Ward 15 - Satdobato Area', '2025-08-26 18:26:08', NULL),
(378, 46, 'Ward 16 - Mangalbazar Area', '2025-08-26 18:26:08', NULL),
(379, 46, 'Ward 17 - Gwarko Area', '2025-08-26 18:26:08', NULL),
(380, 46, 'Ward 19 - Macchindrabahal Area', '2025-08-26 18:26:08', NULL),
(381, 46, 'Ward 1 - Kupandol Area', '2025-08-26 18:26:08', NULL),
(382, 46, 'Ward 20 - Patandhoka Area', '2025-08-26 18:26:08', NULL),
(383, 46, 'Ward 2 - Jhamsikhel Area', '2025-08-26 18:26:08', NULL),
(384, 46, 'Ward 2 - Kalopul Area', '2025-08-26 18:26:08', NULL),
(385, 46, 'Ward 2 - Sanepa Area', '2025-08-26 18:26:08', NULL),
(386, 46, 'Ward 3 - Pulchowk Area', '2025-08-26 18:26:08', NULL),
(387, 46, 'Ward 4 - Jawalakhel Area', '2025-08-26 18:26:08', NULL),
(388, 46, 'Ward 5 - Kumaripati Area', '2025-08-26 18:26:08', NULL),
(389, 46, 'Ward 5 - Patan Hospital Area', '2025-08-26 18:26:08', NULL),
(390, 46, 'Ward 6 - Kanibahal Area', '2025-08-26 18:26:08', NULL),
(391, 46, 'Ward 7 - Sundhara Area', '2025-08-26 18:26:08', NULL),
(392, 46, 'Ward 8 - Guitole Area', '2025-08-26 18:26:08', NULL),
(393, 46, 'Ward 9 - Balkumari Area', '2025-08-26 18:26:08', NULL),
(394, 46, 'Ward 9 - Chayasal Area', '2025-08-26 18:26:08', NULL),
(395, 47, 'Bagdole Area', '2025-08-26 18:27:38', NULL),
(396, 47, 'Godawari - Bajrabarahi Area', '2025-08-26 18:27:38', NULL),
(397, 47, 'Godawari - Botanical Garden Area', '2025-08-26 18:27:38', NULL),
(398, 47, 'Godawari - Chapagaun Buspark Area', '2025-08-26 18:27:38', NULL),
(399, 47, 'Godawari - Jharuwarasi', '2025-08-26 18:27:38', NULL),
(400, 47, 'Godawari - Thaiba', '2025-08-26 18:27:38', NULL),
(401, 47, 'Godawari - Thecho', '2025-08-26 18:27:38', NULL),
(402, 47, 'Karyabinayak - Chhampi', '2025-08-26 18:27:38', NULL),
(403, 47, 'Karyabinayak - Chunikhel', '2025-08-26 18:27:38', NULL),
(404, 47, 'Karyabinayak - Dhaichhap', '2025-08-26 18:27:38', NULL),
(405, 47, 'Karyabinayak - Khokana', '2025-08-26 18:27:38', NULL),
(406, 47, 'KaryaBinayak - Tikabhairabh', '2025-08-26 18:27:38', NULL),
(407, 47, 'Lalitpur - Bhaisepati Area', '2025-08-26 18:27:38', NULL),
(408, 47, 'Lalitpur - Bungamati Area', '2025-08-26 18:27:38', NULL),
(409, 47, 'Lalitpur - Chokhel Area', '2025-08-26 18:27:38', NULL),
(410, 47, 'Lalitpur - Dhapakhel Area', '2025-08-26 18:27:38', NULL),
(411, 47, 'Lalitpur - Dholahiti', '2025-08-26 18:27:38', NULL),
(412, 47, 'Lalitpur - Harisiddhi Patan Area', '2025-08-26 18:27:38', NULL),
(413, 47, 'Lalitpur - Imadole Area', '2025-08-26 18:27:38', NULL),
(414, 47, 'Lalitpur - Khumaltar Area', '2025-08-26 18:27:38', NULL),
(415, 47, 'Lalitpur - Loha Chowk', '2025-08-26 18:27:38', NULL),
(416, 47, 'Lalitpur - Nakhipot Area', '2025-08-26 18:27:38', NULL),
(417, 47, 'Lalitpur - Nakhipot Kantipur Colony', '2025-08-26 18:27:38', NULL),
(418, 47, 'Lalitpur - Nakhu Area', '2025-08-26 18:27:38', NULL),
(419, 47, 'Lalitpur - Ranibu Area', '2025-08-26 18:27:38', NULL),
(420, 47, 'Lalitpur - Sanepa Indrayani Mandir', '2025-08-26 18:27:38', NULL),
(421, 47, 'Lalitpur - Sunakoti Area', '2025-08-26 18:27:38', NULL),
(422, 47, 'Mahalaxmi - Changathali', '2025-08-26 18:27:38', NULL),
(423, 47, 'Mahalaxmi - Lamatar Bus Stop Area', '2025-08-26 18:27:38', NULL),
(424, 47, 'Mahalaxmi - Lubhu', '2025-08-26 18:27:38', NULL),
(425, 47, 'Mahalaxmi - Tikathali', '2025-08-26 18:27:38', NULL),
(426, 48, 'Bich Bazar', '2025-08-26 18:28:50', NULL),
(427, 48, 'Cp Chowk', '2025-08-26 18:28:50', NULL),
(428, 48, 'Maale Bagar', '2025-08-26 18:28:50', NULL),
(429, 48, 'Nilkantha School Area', '2025-08-26 18:28:50', NULL),
(430, 48, 'Pahare Chautara', '2025-08-26 18:28:50', NULL),
(431, 48, 'Puchhar Bazar', '2025-08-26 18:28:50', NULL),
(432, 48, 'Simle Gairi', '2025-08-26 18:28:50', NULL),
(433, 48, 'Siran Bazar', '2025-08-26 18:28:50', NULL),
(434, 49, 'Bhandari Gaun', '2025-08-26 18:32:31', NULL),
(435, 49, 'Kharibot', '2025-08-26 18:32:31', NULL),
(436, 49, 'Khopasi Hydropower Reservoir Area', '2025-08-26 18:32:31', NULL),
(437, 49, 'Panauti Municipality office Area', '2025-08-26 18:32:31', NULL),
(438, 49, 'Panauti Museum area', '2025-08-26 18:32:31', NULL),
(439, 49, 'Wolachhen Bagaicha Area', '2025-08-26 18:32:31', NULL),
(440, 50, '36 Kilo Area', '2025-08-26 18:34:10', NULL),
(441, 50, 'Aapghari', '2025-08-26 18:34:10', NULL),
(442, 50, 'Dhulikhel Zipline Area', '2025-08-26 18:34:10', NULL),
(443, 50, 'Dulalthok', '2025-08-26 18:34:10', NULL),
(444, 50, 'Keraghari', '2025-08-26 18:34:10', NULL),
(445, 50, 'Lamidanda', '2025-08-26 18:34:10', NULL),
(446, 50, 'Panchkhal Municipality Area', '2025-08-26 18:34:10', NULL),
(447, 50, 'Shree Ram Pati', '2025-08-26 18:34:10', NULL),
(448, 50, 'Tamaghat Chowk', '2025-08-26 18:34:10', NULL),
(449, 50, 'Zero Kilo', '2025-08-26 18:34:10', NULL),
(450, 51, 'Bhandara', '2025-08-26 18:35:03', NULL),
(451, 51, 'Khurkhure', '2025-08-26 18:35:03', NULL),
(452, 52, 'Bakular', '2025-08-26 18:36:21', NULL),
(453, 52, 'Chitrasari Area', '2025-08-26 18:36:21', NULL),
(454, 52, 'Hattichowk Area', '2025-08-26 18:36:21', NULL),
(455, 52, 'Sauraha Chowk', '2025-08-26 18:36:21', NULL),
(456, 52, 'Tadi Bazar', '2025-08-26 18:36:21', NULL),
(457, 53, 'Army Camp Gate', '2025-08-26 18:40:02', NULL),
(458, 53, 'Campus Stop Area', '2025-08-26 18:40:02', NULL),
(459, 53, 'Dhungrebaas', '2025-08-26 18:40:02', NULL),
(460, 53, 'Dhura Bazaar', '2025-08-26 18:40:02', NULL),
(461, 53, 'Fm Marga', '2025-08-26 18:40:02', NULL),
(462, 53, 'Laxman Chowk', '2025-08-26 18:40:02', NULL),
(463, 53, 'Milan Chowk', '2025-08-26 18:40:02', NULL),
(464, 53, 'Siddha Baba Chowk', '2025-08-26 18:40:02', NULL),
(465, 53, 'Sindhuli Bus Park Area', '2025-08-26 18:40:02', NULL),
(466, 53, 'Sindhuli Haat Bazaar', '2025-08-26 18:40:02', NULL),
(467, 54, 'Jeep Park', '2025-08-26 20:37:56', NULL),
(468, 54, 'Lali Gurans Chowk', '2025-08-26 20:37:56', NULL),
(469, 54, 'Tiger Chowk', '2025-08-26 20:37:56', NULL),
(470, 54, 'Traffic Chowk', '2025-08-26 20:37:56', NULL),
(471, 54, 'Upallachaur', '2025-08-26 20:37:56', NULL),
(472, 54, 'Yatyat Karyalaya Area', '2025-08-26 20:37:56', NULL),
(473, 55, 'Birendra Chowk', '2025-08-26 20:39:28', NULL),
(474, 55, 'Campus Chowk', '2025-08-26 20:39:28', NULL),
(475, 55, 'Hospital Chowk', '2025-08-26 20:39:28', NULL),
(476, 55, 'Kali Pool Buspark', '2025-08-26 20:39:28', NULL),
(477, 55, 'New Road Area', '2025-08-26 20:39:28', NULL),
(478, 56, 'Bhimad Bazaar', '2025-08-26 20:40:50', NULL),
(479, 56, 'Male Bagar Bazaar', '2025-08-26 20:40:50', NULL),
(480, 56, 'Purano Bazaar', '2025-08-26 20:40:50', NULL),
(481, 56, 'Tanahu Technical School Area', '2025-08-26 20:40:50', NULL),
(482, 57, 'Aadikavi Bhanubhakta Campus Area', '2025-08-26 20:42:01', NULL),
(483, 57, 'Bhadgau', '2025-08-26 20:42:01', NULL),
(484, 57, 'Chapaghat', '2025-08-26 20:42:01', NULL),
(485, 57, 'Damauli Bazar', '2025-08-26 20:42:01', NULL),
(486, 57, 'Damauli Bus Station Area', '2025-08-26 20:42:01', NULL),
(487, 57, 'Damauli College', '2025-08-26 20:42:01', NULL),
(488, 57, 'Dihi Gaun', '2025-08-26 20:42:01', NULL),
(489, 57, 'District Hospital Area', '2025-08-26 20:42:01', NULL),
(490, 57, 'Immanuel Church Area', '2025-08-26 20:42:01', NULL),
(491, 57, 'Patan', '2025-08-26 20:42:01', NULL),
(492, 57, 'Vorletar Chowk', '2025-08-26 20:42:01', NULL),
(493, 58, 'Daldale', '2025-08-26 20:43:13', NULL),
(494, 58, 'Dharapani Bazaar', '2025-08-26 20:43:13', NULL),
(495, 58, 'Milan Chowk', '2025-08-26 20:43:13', NULL),
(496, 58, 'Pragatinagar', '2025-08-26 20:43:13', NULL),
(497, 58, 'Rajahar Bazaar', '2025-08-26 20:43:13', NULL),
(498, 58, 'Sashwat Dham Area', '2025-08-26 20:43:13', NULL),
(499, 59, 'Congress Chowk', '2025-08-26 20:44:44', NULL),
(500, 59, 'Gaindakot Municipality Office Area', '2025-08-26 20:44:44', NULL),
(501, 59, 'Ganesh Mandir Area', '2025-08-26 20:44:44', NULL),
(502, 59, 'Harihar Mandir', '2025-08-26 20:44:44', NULL),
(503, 59, 'Harkapur Area', '2025-08-26 20:44:44', NULL),
(504, 59, 'Kali Gandaki Bus Stop Area', '2025-08-26 20:44:44', NULL),
(505, 59, 'Kalika Mandir Area', '2025-08-26 20:44:44', NULL),
(506, 59, 'Thumsi Area', '2025-08-26 20:44:44', NULL),
(507, 60, 'District Hospital Chowk', '2025-08-26 20:46:59', NULL),
(508, 60, 'Haramtari Chowk', '2025-08-26 20:46:59', NULL),
(509, 60, 'Patechaur', '2025-08-26 20:46:59', NULL),
(510, 60, 'Petrol Pump Area', '2025-08-26 20:46:59', NULL),
(511, 60, 'Purano Buspark', '2025-08-26 20:46:59', NULL),
(512, 61, 'Bishnunagar', '2025-08-26 20:48:15', NULL),
(513, 61, 'Danda', '2025-08-26 20:48:15', NULL),
(514, 61, 'Gyanodaya Chowk', '2025-08-26 20:48:15', NULL),
(515, 61, 'Panchaknya Chowk', '2025-08-26 20:48:15', NULL),
(516, 61, 'Thakali Chowk', '2025-08-26 20:48:15', NULL),
(517, 61, 'Thana Chowk', '2025-08-26 20:48:15', NULL),
(518, 62, 'Bhandari Tole', '2025-08-26 20:49:48', NULL),
(519, 62, 'Bunjee Side', '2025-08-26 20:49:48', NULL),
(520, 62, 'Jilla Prahari Karyala Chowk', '2025-08-26 20:49:48', NULL),
(521, 62, 'Khareha', '2025-08-26 20:49:48', NULL),
(522, 62, 'Sasatra Camp', '2025-08-26 20:49:48', NULL),
(523, 62, 'Shivalaya Chowk', '2025-08-26 20:49:48', NULL),
(524, 63, 'Arghau Chowk', '2025-08-26 20:54:16', NULL),
(525, 63, 'Budibazar Chowk', '2025-08-26 20:54:16', NULL),
(526, 63, 'Sishuwa chowk', '2025-08-26 20:54:16', NULL),
(527, 63, 'Talchowk', '2025-08-26 20:54:16', NULL),
(528, 64, 'Amarsingh Chowk Area', '2025-08-26 20:55:35', NULL),
(529, 64, 'Bagar Area', '2025-08-26 20:55:35', NULL),
(530, 64, 'Baglung Buspark Area', '2025-08-26 20:55:35', NULL),
(531, 64, 'Baidam Area', '2025-08-26 20:55:35', NULL),
(532, 64, 'Barpatan Area', '2025-08-26 20:55:35', NULL),
(533, 64, 'Birauta Area', '2025-08-26 20:55:35', NULL),
(534, 64, 'Birauta Chowk Area', '2025-08-26 20:55:35', NULL),
(535, 64, 'Buspark Area', '2025-08-26 20:55:35', NULL),
(536, 64, 'Chauthe Area', '2025-08-26 20:55:35', NULL),
(537, 64, 'Chhinedada Area', '2025-08-26 20:55:35', NULL),
(538, 64, 'Chipledhunga Area', '2025-08-26 20:55:35', NULL),
(539, 64, 'Davis Falls Area', '2025-08-26 20:55:35', NULL),
(540, 64, 'Deep Housing Area', '2025-08-26 20:55:35', NULL),
(541, 64, 'Fulbaari Area', '2025-08-26 20:55:35', NULL),
(542, 64, 'Gandaki Hospital Area', '2025-08-26 20:55:35', NULL),
(543, 64, 'Hallan Chowk Area', '2025-08-26 20:55:35', NULL),
(544, 64, 'Hemja - Milan Chowk', '2025-08-26 20:55:35', NULL),
(545, 64, 'Himalayan Museum Area', '2025-08-26 20:55:35', NULL),
(546, 64, 'Jogimari', '2025-08-26 20:55:35', NULL),
(547, 64, 'kahun Khola Buspark Area', '2025-08-26 20:55:35', NULL),
(548, 64, 'Kajipokhari Area', '2025-08-26 20:55:35', NULL),
(549, 64, 'Khaltemasina Buspark Area', '2025-08-26 20:55:35', NULL),
(550, 64, 'Lamachaur Area', '2025-08-26 20:55:35', NULL),
(551, 64, 'Lovely danda', '2025-08-26 20:55:35', NULL),
(552, 64, 'Mahatgauda Buspark Area', '2025-08-26 20:55:35', NULL),
(553, 64, 'Mahendra Gufa Area', '2025-08-26 20:55:35', NULL),
(554, 64, 'Mahendrapul Area', '2025-08-26 20:55:35', NULL),
(555, 64, 'Malepatan Area', '2025-08-26 20:55:35', NULL),
(556, 64, 'Masbar Area', '2025-08-26 20:55:35', NULL),
(557, 64, 'Matepani Area', '2025-08-26 20:55:35', NULL),
(558, 64, 'Miyapatan Area', '2025-08-26 20:55:35', NULL),
(559, 64, 'Nadipur Area', '2025-08-26 20:55:35', NULL),
(560, 64, 'Nayabazar Area', '2025-08-26 20:55:35', NULL),
(561, 64, 'Newroad Area', '2025-08-26 20:55:35', NULL),
(562, 64, 'Old Airport Area', '2025-08-26 20:55:35', NULL),
(563, 64, 'Pokhara International Airport Area', '2025-08-26 20:55:35', NULL),
(564, 64, 'Prashyang Area', '2025-08-26 20:55:35', NULL),
(565, 64, 'Prithvi Chowk', '2025-08-26 20:55:35', NULL),
(566, 64, 'Rambazaar Area', '2025-08-26 20:55:35', NULL),
(567, 64, 'Ramghat Area', '2025-08-26 20:55:35', NULL),
(568, 64, 'Ratna Chowk Area', '2025-08-26 20:55:35', NULL),
(569, 64, 'Sedi Area', '2025-08-26 20:55:35', NULL),
(570, 64, 'Simalchaur Area', '2025-08-26 20:55:35', NULL),
(571, 64, 'Tudikhel Area', '2025-08-26 20:55:35', NULL),
(572, 64, 'Vijaypur Barrack Area', '2025-08-26 20:55:35', NULL),
(573, 64, 'Yamdi Pool', '2025-08-26 20:55:35', NULL),
(574, 65, 'Badkhola Chowk', '2025-08-26 20:56:54', NULL),
(575, 65, 'Shahid Chowk', '2025-08-26 20:56:54', NULL),
(576, 65, 'Traffic Chowk', '2025-08-26 20:56:54', NULL),
(577, 66, 'Belchautara', '2025-08-26 20:58:04', NULL),
(578, 66, 'Dhor Phedi Area', '2025-08-26 20:58:04', NULL),
(579, 66, 'Dulegaunda Bazaar', '2025-08-26 20:58:04', NULL),
(580, 66, 'Khairenitar Bazar', '2025-08-26 20:58:04', NULL),
(581, 66, 'Nayapul', '2025-08-26 20:58:04', NULL),
(582, 66, 'Saulibazzar', '2025-08-26 20:58:04', NULL),
(583, 66, 'Surya Nepal Factory Area', '2025-08-26 20:58:04', NULL),
(584, 67, 'Khatrithati', '2025-08-26 21:02:07', NULL),
(585, 67, 'Lamjung Campus Area', '2025-08-26 21:02:07', NULL),
(586, 67, 'Milan Chowk', '2025-08-26 21:02:07', NULL),
(587, 67, 'Suidibar Bus Park Area', '2025-08-26 21:02:07', NULL),
(588, 68, 'Bhakunde Chowk', '2025-08-26 21:03:16', NULL),
(589, 68, 'Bhakunde Covered Hall Area', '2025-08-26 21:03:16', NULL),
(590, 68, 'Buddha Tole', '2025-08-26 21:03:16', NULL),
(591, 68, 'Shiva Oil Area', '2025-08-26 21:03:16', NULL),
(592, 68, 'Waling Bus Park Area', '2025-08-26 21:03:16', NULL),
(593, 68, 'Waling Multiple Campus Area', '2025-08-26 21:03:16', NULL),
(594, 68, 'WCCI Chowk', '2025-08-26 21:03:16', NULL),
(595, 69, 'Bahunichaur', '2025-08-26 21:06:13', NULL),
(596, 69, 'Chhinchu', '2025-08-26 21:06:13', NULL),
(597, 69, 'Jahare Bazaar', '2025-08-26 21:06:13', NULL),
(598, 69, 'Ramghat', '2025-08-26 21:06:13', NULL),
(599, 70, 'Army Camp Area', '2025-08-26 21:07:48', NULL),
(600, 70, 'Dhuliyabit Area', '2025-08-26 21:07:48', NULL),
(601, 70, 'Kakrebihar Area', '2025-08-26 21:07:48', NULL),
(602, 70, 'Mangalgadhi Chowk Area', '2025-08-26 21:07:48', NULL),
(603, 70, 'Radio Nepal Area', '2025-08-26 21:07:48', NULL),
(604, 70, 'Surkhet Hospital Area', '2025-08-26 21:07:48', NULL),
(605, 70, 'Uttarganga Area', '2025-08-26 21:07:48', NULL),
(606, 71, 'Dashrathpur', '2025-08-26 21:08:47', NULL),
(607, 71, 'Salli Bazar', '2025-08-26 21:08:47', NULL),
(608, 72, 'Arjundhara Municipality Office Area', '2025-08-26 21:11:07', NULL),
(609, 72, 'Bhaisabadi', '2025-08-26 21:11:07', NULL),
(610, 72, 'Laxmipur Bus Stop Area', '2025-08-26 21:11:07', NULL),
(611, 72, 'Post Office Area', '2025-08-26 21:11:07', NULL),
(612, 73, 'Aadarsha Boarding School Area', '2025-08-26 21:12:45', NULL),
(613, 73, 'Bazaar Line', '2025-08-26 21:12:45', NULL),
(614, 73, 'Belbari Health Post Area', '2025-08-26 21:12:45', NULL),
(615, 73, 'Belbari Multiple Campus Area', '2025-08-26 21:12:45', NULL),
(616, 73, 'Belbari Paschhim Bus Park Area', '2025-08-26 21:12:45', NULL),
(617, 73, 'Betana Wetland', '2025-08-26 21:12:45', NULL),
(618, 73, 'Bhaunne Bazaar', '2025-08-26 21:12:45', NULL),
(619, 73, 'Dangihat Rangashala Area', '2025-08-26 21:12:45', NULL),
(620, 73, 'Laxmi Marga Chowk', '2025-08-26 21:12:45', NULL),
(621, 73, 'Malpot Line', '2025-08-26 21:12:45', NULL),
(622, 73, 'Sahakari Tole', '2025-08-26 21:12:45', NULL),
(623, 74, 'Bhadrapur Buspark Area', '2025-08-26 21:13:57', NULL),
(624, 74, 'Campus Mode Area', '2025-08-26 21:13:57', NULL),
(625, 74, 'Dukhi Tole Area', '2025-08-26 21:13:57', NULL),
(626, 74, 'Giri Chowk Area', '2025-08-26 21:13:57', NULL),
(627, 74, 'Kirat Colony Area', '2025-08-26 21:13:57', NULL),
(628, 74, 'Mechi Hospital Area', '2025-08-26 21:13:57', NULL),
(629, 75, 'Roadcess/Koshi Project Area', '2025-08-26 21:15:11', NULL),
(630, 75, 'Aarti Strip Factory Area', '2025-08-26 21:15:11', NULL),
(631, 75, 'B.FM. Area', '2025-08-26 21:15:11', NULL),
(632, 75, 'Bargacchi Chowk Area', '2025-08-26 21:15:11', NULL),
(633, 75, 'Bhirkuti Chowk Area', '2025-08-26 21:15:11', NULL),
(634, 75, 'Buddha Chowk Area', '2025-08-26 21:15:11', NULL),
(635, 75, 'Campus Road Area', '2025-08-26 21:15:11', NULL),
(636, 75, 'DPS School Area', '2025-08-26 21:15:11', NULL),
(637, 75, 'Haat Khola Area', '2025-08-26 21:15:11', NULL),
(638, 75, 'Hospital Chowk', '2025-08-26 21:15:11', NULL),
(639, 75, 'Ikrahi Area', '2025-08-26 21:15:11', NULL),
(640, 75, 'Jaljala Chowk Area', '2025-08-26 21:15:11', NULL),
(641, 75, 'Janpathtole Area', '2025-08-26 21:15:11', NULL),
(642, 75, 'Jhorahat Area', '2025-08-26 21:15:11', NULL),
(643, 75, 'Kanchanbari Area', '2025-08-26 21:15:11', NULL),
(644, 75, 'Katahari Area', '2025-08-26 21:15:11', NULL),
(645, 75, 'Keshaliya Rampur', '2025-08-26 21:15:11', NULL),
(646, 75, 'Kharji Kohobara', '2025-08-26 21:15:11', NULL),
(647, 75, 'Madumara Area', '2025-08-26 21:15:11', NULL),
(648, 75, 'Mahendra Chowk Area', '2025-08-26 21:15:11', NULL),
(649, 75, 'Maheshpur Area', '2025-08-26 21:15:11', NULL),
(650, 75, 'Maisthan Area', '2025-08-26 21:15:11', NULL),
(651, 75, 'Mangadh Area', '2025-08-26 21:15:11', NULL),
(652, 75, 'Nayabazar Area', '2025-08-26 21:15:11', NULL),
(653, 75, 'Nemuwa', '2025-08-26 21:15:11', NULL),
(654, 75, 'Nobel Hospital Area', '2025-08-26 21:15:11', NULL),
(655, 75, 'Oil Nigam Area', '2025-08-26 21:15:11', NULL),
(656, 75, 'Panchali Tole Area', '2025-08-26 21:15:11', NULL),
(657, 75, 'Pichhara Area', '2025-08-26 21:15:11', NULL),
(658, 75, 'Pokhariya School Area', '2025-08-26 21:15:11', NULL),
(659, 75, 'Puset Area', '2025-08-26 21:15:11', NULL),
(660, 75, 'Pushpalal Chowk Area', '2025-08-26 21:15:11', NULL),
(661, 75, 'Rajbanshi Chowk', '2025-08-26 21:15:11', NULL),
(662, 75, 'Rangashala Area', '2025-08-26 21:15:11', NULL),
(663, 75, 'Rani Bank Road Area', '2025-08-26 21:15:11', NULL),
(664, 75, 'Rani Border Area', '2025-08-26 21:15:11', NULL),
(665, 75, 'Rani Nahar Area', '2025-08-26 21:15:11', NULL),
(666, 75, 'Shanihat Area', '2025-08-26 21:15:11', NULL),
(667, 75, 'Shankarpur Area', '2025-08-26 21:15:11', NULL),
(668, 75, 'Siddhartha Chowk Area', '2025-08-26 21:15:11', NULL),
(669, 75, 'Sikshya Sadan School Area', '2025-08-26 21:15:11', NULL),
(670, 75, 'Tankisinuwari Area', '2025-08-26 21:15:11', NULL),
(671, 75, 'Thulo Mill Area', '2025-08-26 21:15:11', NULL),
(672, 75, 'Tinpaini Area', '2025-08-26 21:15:11', NULL),
(673, 75, 'Tintolia - Shanti Chowk Area', '2025-08-26 21:15:11', NULL),
(674, 75, 'Traffic Chowk', '2025-08-26 21:15:11', NULL),
(675, 76, 'Atithi Sadan Area', '2025-08-26 21:16:42', NULL),
(676, 76, 'Beldangi Chowk Area', '2025-08-26 21:16:42', NULL),
(677, 76, 'Bhadrapur Road Area', '2025-08-26 21:16:42', NULL),
(678, 76, 'Bhagwan Chowk', '2025-08-26 21:16:42', NULL),
(679, 76, 'Birtabazar Area', '2025-08-26 21:16:42', NULL),
(680, 76, 'Birtamod Buspark Area', '2025-08-26 21:16:42', NULL),
(681, 76, 'Buttabari Area', '2025-08-26 21:16:42', NULL),
(682, 76, 'Charpane Area', '2025-08-26 21:16:42', NULL),
(683, 76, 'Dharmakata Road Area', '2025-08-26 21:16:42', NULL),
(684, 76, 'Garamuni Campus Area', '2025-08-26 21:16:42', NULL),
(685, 76, 'Hanuman Central Area', '2025-08-26 21:16:42', NULL),
(686, 76, 'Harkalal Marga Area', '2025-08-26 21:16:42', NULL),
(687, 76, 'Heaven Water Park Area', '2025-08-26 21:16:42', NULL),
(688, 76, 'Jatrubadi Chowk Area', '2025-08-26 21:16:42', NULL),
(689, 76, 'Kankai Road Area', '2025-08-26 21:16:42', NULL),
(690, 76, 'Mahananda Chowk', '2025-08-26 21:16:42', NULL),
(691, 76, 'Mechi Eye Hospital Area', '2025-08-26 21:16:42', NULL),
(692, 76, 'Meghabari Area', '2025-08-26 21:16:42', NULL),
(693, 76, 'Pathivara Hall Area', '2025-08-26 21:16:42', NULL),
(694, 76, 'Ramchowk Area', '2025-08-26 21:16:42', NULL),
(695, 76, 'Shyaldangi Area', '2025-08-26 21:16:42', NULL),
(696, 76, 'Staff Chowk', '2025-08-26 21:16:42', NULL),
(697, 76, 'Trishuli Chowk Area', '2025-08-26 21:16:42', NULL),
(698, 77, 'Bhaire Chowk', '2025-08-26 21:17:55', NULL),
(699, 77, 'Chaitu Mandir Area', '2025-08-26 21:17:55', NULL),
(700, 77, 'Chandragadi Airport Area', '2025-08-26 21:17:55', NULL),
(701, 77, 'Devkota Chowk Area', '2025-08-26 21:17:55', NULL),
(702, 77, 'Dhanushmod Area', '2025-08-26 21:17:55', NULL),
(703, 77, 'Jagriti Nagar', '2025-08-26 21:17:55', NULL),
(704, 77, 'Kendramode Area', '2025-08-26 21:17:55', NULL),
(705, 77, 'Lekhnath Chowk Area', '2025-08-26 21:17:55', NULL),
(706, 77, 'Mahendra Park Area', '2025-08-26 21:17:55', NULL),
(707, 78, 'Beldangi Area', '2025-08-26 21:20:15', NULL),
(708, 78, 'Buddha Chowk Area', '2025-08-26 21:20:15', NULL),
(709, 78, 'Damak Buspark Area', '2025-08-26 21:20:15', NULL),
(710, 78, 'Damak Multiple Campus Area', '2025-08-26 21:20:15', NULL),
(711, 78, 'Falgunanda Chowk Area', '2025-08-26 21:20:15', NULL),
(712, 78, 'Gumaune Area', '2025-08-26 21:20:15', NULL),
(713, 78, 'Havildar Chowk Area', '2025-08-26 21:20:15', NULL),
(714, 78, 'Krishna Mandir Area', '2025-08-26 21:20:15', NULL),
(715, 78, 'Makalu Tole Area', '2025-08-26 21:20:15', NULL),
(716, 78, 'New Amda Hospital Area', '2025-08-26 21:20:15', NULL),
(717, 78, 'Sangam Chowk Area', '2025-08-26 21:20:15', NULL),
(718, 78, 'Shanti Chowk Area', '2025-08-26 21:20:15', NULL),
(719, 78, 'Shanti Marga Area', '2025-08-26 21:20:15', NULL),
(720, 79, 'Adalat Road', '2025-08-26 21:22:04', NULL),
(721, 79, 'Dadagaun Football Ground', '2025-08-26 21:22:04', NULL),
(722, 79, 'Dhankuta Bus Park Area', '2025-08-26 21:22:04', NULL),
(723, 79, 'Dhankuta Multiple Campus Area', '2025-08-26 21:22:04', NULL),
(724, 79, 'Dhankuta Stadium', '2025-08-26 21:22:04', NULL),
(725, 79, 'Heli Pad Area', '2025-08-26 21:22:04', NULL),
(726, 79, 'Hile', '2025-08-26 21:22:04', NULL),
(727, 80, 'Bagarkot Area', '2025-08-26 21:24:06', NULL),
(728, 80, 'Bargachhi Area', '2025-08-26 21:24:06', NULL),
(729, 80, 'Bhanu Chowk Area', '2025-08-26 21:24:06', NULL),
(730, 80, 'Bhotepul Area', '2025-08-26 21:24:06', NULL),
(731, 80, 'Bijayapur Area', '2025-08-26 21:24:06', NULL),
(732, 80, 'BP Health Science Institute Area', '2025-08-26 21:24:06', NULL),
(733, 80, 'Chata Chowk Area', '2025-08-26 21:24:06', NULL),
(734, 80, 'Deshi line', '2025-08-26 21:24:06', NULL),
(735, 80, 'Dharan Railway Area', '2025-08-26 21:24:06', NULL),
(736, 80, 'Dharan Stadium Area', '2025-08-26 21:24:06', NULL),
(737, 80, 'Mangalbarey Area', '2025-08-26 21:24:06', NULL),
(738, 80, 'Phushre Area', '2025-08-26 21:24:06', NULL),
(739, 80, 'Purano Bazaar', '2025-08-26 21:24:06', NULL),
(740, 80, 'Putali line', '2025-08-26 21:24:06', NULL),
(741, 80, 'Shyam Chowk Area', '2025-08-26 21:24:06', NULL),
(742, 80, 'Tinkune Area', '2025-08-26 21:24:06', NULL),
(743, 80, 'Zero Point Area', '2025-08-26 21:24:06', NULL),
(744, 81, 'Ball Statue', '2025-08-26 21:26:16', NULL),
(745, 81, 'Duhabi Bus park area', '2025-08-26 21:26:16', NULL),
(746, 81, 'Sonapur Bus Park area', '2025-08-26 21:26:16', NULL),
(747, 82, 'Beldangi Chowk', '2025-08-26 21:27:22', NULL),
(748, 82, 'Campus Mode', '2025-08-26 21:27:22', NULL),
(749, 82, 'Dhobiniya Chowk', '2025-08-26 21:27:22', NULL),
(750, 82, 'Dipu Chowk', '2025-08-26 21:27:22', NULL),
(751, 82, 'Gauradaha Bazaar', '2025-08-26 21:27:22', NULL),
(752, 82, 'Gauriganj Bazar', '2025-08-26 21:27:22', NULL),
(753, 82, 'Mechi Eye Hospital Area', '2025-08-26 21:27:22', NULL),
(754, 82, 'Milan Chowk', '2025-08-26 21:27:22', NULL),
(755, 83, 'Bhrikuti Chowk', '2025-08-26 21:28:31', NULL),
(756, 83, 'Fikkal', '2025-08-26 21:28:31', NULL),
(757, 83, 'Ilam Bazar Area', '2025-08-26 21:28:31', NULL),
(758, 83, 'Ilam Bus Park Area', '2025-08-26 21:28:31', NULL),
(759, 83, 'Ilam Municipality Area', '2025-08-26 21:28:31', NULL),
(760, 83, 'Ilam View Tower Area', '2025-08-26 21:28:31', NULL),
(761, 83, 'Kalinaag Mandir Area', '2025-08-26 21:28:31', NULL),
(762, 83, 'Kharel Dada', '2025-08-26 21:28:31', NULL),
(763, 83, 'Mahendra Ratna Multiple Campus Area', '2025-08-26 21:28:31', NULL),
(764, 83, 'Tilkeni Mod', '2025-08-26 21:28:31', NULL),
(765, 84, 'Bihibare hat bazar', '2025-08-26 21:29:30', NULL),
(766, 84, 'Inaruwa Bus stop area', '2025-08-26 21:29:30', NULL),
(767, 84, 'Inaruwa Hospital Area', '2025-08-26 21:29:30', NULL),
(768, 84, 'Jhumka', '2025-08-26 21:29:30', NULL),
(769, 84, 'Sakhuwagachhi', '2025-08-26 21:29:30', NULL),
(770, 84, 'Simpane Pragati Tole', '2025-08-26 21:29:30', NULL),
(771, 85, 'Army Headquarters Area', '2025-08-26 21:32:55', NULL),
(772, 85, 'Balgram Area', '2025-08-26 21:32:55', NULL),
(773, 85, 'Bhetghat Chowk', '2025-08-26 21:32:55', NULL),
(774, 85, 'Gaisar Area', '2025-08-26 21:32:55', NULL),
(775, 85, 'Halgada Chowk Area', '2025-08-26 21:32:55', NULL),
(776, 85, 'Hatiya Line Area', '2025-08-26 21:32:55', NULL),
(777, 85, 'Itahari Buspark Area', '2025-08-26 21:32:55', NULL),
(778, 85, 'Jhumka City Area', '2025-08-26 21:32:55', NULL),
(779, 85, 'Khanar City Area', '2025-08-26 21:32:55', NULL),
(780, 85, 'Labipur Area', '2025-08-26 21:32:55', NULL),
(781, 85, 'Pakali Area', '2025-08-26 21:32:55', NULL),
(782, 85, 'Pandhare Tole Area', '2025-08-26 21:32:55', NULL),
(783, 85, 'Suvidha Nagar', '2025-08-26 21:32:55', NULL),
(784, 85, 'Swagat Tole Area', '2025-08-26 21:32:55', NULL),
(785, 85, 'Tarahara Area', '2025-08-26 21:32:55', NULL),
(786, 85, 'Tax Office Area', '2025-08-26 21:32:55', NULL),
(787, 85, 'Traffic Chowk Area', '2025-08-26 21:32:55', NULL),
(788, 86, 'Barmeli Tole Area', '2025-08-26 21:33:55', NULL),
(789, 86, 'Eye Hospital Area', '2025-08-26 21:33:55', NULL),
(790, 86, 'Kakarbhitta Buspark Area', '2025-08-26 21:33:55', NULL),
(791, 86, 'Kakarbhitta Customs Area', '2025-08-26 21:33:55', NULL),
(792, 86, 'Post Office Area', '2025-08-26 21:33:55', NULL),
(793, 86, 'Pragati Tole Area', '2025-08-26 21:33:55', NULL),
(794, 87, 'Champapur Playground Area', '2025-08-26 21:35:29', NULL),
(795, 87, 'Durgapur', '2025-08-26 21:35:29', NULL),
(796, 87, 'Jamunkhadi', '2025-08-26 21:35:29', NULL),
(797, 87, 'Kalisthan Chowk', '2025-08-26 21:35:29', NULL),
(798, 87, 'Kankai Multiple Campus Area', '2025-08-26 21:35:29', NULL),
(799, 87, 'Kankai Municipality Office Area', '2025-08-26 21:35:29', NULL),
(800, 87, 'Koti Hom Bus Park Area', '2025-08-26 21:35:29', NULL),
(801, 87, 'Sangam Tole', '2025-08-26 21:35:29', NULL),
(802, 87, 'Surunga Chowk', '2025-08-26 21:35:29', NULL),
(803, 87, 'Tulasibari Playground Area', '2025-08-26 21:35:29', NULL),
(804, 88, 'Budhabare', '2025-08-26 21:38:27', NULL),
(805, 88, 'Letang Bazaar', '2025-08-26 21:38:27', NULL),
(806, 89, 'Aitabare Chowk', '2025-08-26 21:39:34', NULL),
(807, 89, 'Bhutanese Refuse Camp Area', '2025-08-26 21:39:34', NULL),
(808, 89, 'Bokre Chowk', '2025-08-26 21:39:34', NULL),
(809, 89, 'Buddha Chowk', '2025-08-26 21:39:34', NULL),
(810, 89, 'Haatkhola Bazaar', '2025-08-26 21:39:34', NULL),
(811, 89, 'Hasandaha Bus Stop Area', '2025-08-26 21:39:34', NULL),
(812, 89, 'Pathari Bazaar', '2025-08-26 21:39:34', NULL),
(813, 89, 'Ratna Park Area', '2025-08-26 21:39:34', NULL),
(814, 89, 'Subedi Chowk', '2025-08-26 21:39:34', NULL),
(815, 90, 'Aamtola Bazaar', '2025-08-26 21:40:50', NULL),
(816, 90, 'Drabesha', '2025-08-26 21:40:50', NULL),
(817, 90, 'Janata Multiple Campus Area', '2025-08-26 21:40:50', NULL),
(818, 90, 'Rangeli Bazaar', '2025-08-26 21:40:50', NULL),
(819, 90, 'Rangeli Hospital Area', '2025-08-26 21:40:50', NULL),
(820, 91, 'Aambari Chowk', '2025-08-26 21:41:58', NULL),
(821, 91, 'Damravitta Bazaar', '2025-08-26 21:41:58', NULL),
(822, 91, 'Itahara Chowk', '2025-08-26 21:41:58', NULL),
(823, 91, 'Sijuwa Chowk', '2025-08-26 21:41:58', NULL),
(824, 91, 'Sombare Bazar', '2025-08-26 21:41:58', NULL),
(825, 91, 'Tribhuwan Chowk', '2025-08-26 21:41:58', NULL),
(826, 92, 'Bangdada', '2025-08-26 21:43:11', NULL),
(827, 92, 'Campus Mode', '2025-08-26 21:43:11', NULL),
(828, 92, 'Dharampur Bus Park Area', '2025-08-26 21:43:11', NULL),
(829, 92, 'Dudamari Chowk', '2025-08-26 21:43:11', NULL),
(830, 92, 'Dudhe', '2025-08-26 21:43:11', NULL),
(831, 92, 'Haldar Chowk', '2025-08-26 21:43:11', NULL),
(832, 92, 'High School Chowk', '2025-08-26 21:43:11', NULL),
(833, 92, 'Jhil Jhile Bus Park Area', '2025-08-26 21:43:11', NULL),
(834, 92, 'Maidhar Chowk', '2025-08-26 21:43:11', NULL),
(835, 92, 'Nahar Chowk', '2025-08-26 21:43:11', NULL),
(836, 93, 'Amardaha', '2025-08-26 21:45:41', NULL),
(837, 93, 'Dainiya', '2025-08-26 21:45:41', NULL),
(838, 93, 'Dohamana Pashu Bazar', '2025-08-26 21:45:41', NULL),
(839, 94, 'Baliya Chowk', '2025-08-26 21:47:02', NULL),
(840, 94, 'Birat Chowk Area', '2025-08-26 21:47:02', NULL),
(841, 94, 'Dulari Chowk', '2025-08-26 21:47:02', NULL),
(842, 94, 'Goth Gaun City Area', '2025-08-26 21:47:02', NULL),
(843, 94, 'Khorsane', '2025-08-26 21:47:02', NULL),
(844, 94, 'Khorsane Chowk', '2025-08-26 21:47:02', NULL),
(845, 94, 'Lalvitti', '2025-08-26 21:47:02', NULL),
(846, 95, 'Chuhade Chowk', '2025-08-26 21:48:23', NULL),
(847, 95, 'Jaljale Bazaar', '2025-08-26 21:48:23', NULL),
(848, 95, 'Main Chowk', '2025-08-26 21:48:23', NULL),
(849, 95, 'Puma Chowk', '2025-08-26 21:48:23', NULL),
(850, 95, 'Triyuga Janata Multiple Campus Area', '2025-08-26 21:48:23', NULL),
(851, 95, 'Udayapur FM Area', '2025-08-26 21:48:23', NULL),
(852, 95, 'Yalambar Tole', '2025-08-26 21:48:23', NULL),
(853, 96, 'Aaitabare Area', '2025-08-26 21:49:39', NULL),
(854, 96, 'Bargachhi Chowk Area', '2025-08-26 21:49:39', NULL),
(855, 96, 'Durgapuri Area', '2025-08-26 21:49:39', NULL);
INSERT INTO `zones` (`id`, `city_id`, `name`, `created_at`, `deleted_at`) VALUES
(856, 96, 'Madhumalla Area', '2025-08-26 21:49:39', NULL),
(857, 96, 'Mangalbare Area', '2025-08-26 21:49:39', NULL),
(858, 97, '4 Number Chowk', '2025-08-26 22:35:19', NULL),
(859, 97, 'Bangain', '2025-08-26 22:35:19', NULL),
(860, 97, 'Bodegaun Chowk', '2025-08-26 22:35:19', NULL),
(861, 97, 'Chappar Gau', '2025-08-26 22:35:19', NULL),
(862, 97, 'Dhaneshpur', '2025-08-26 22:35:19', NULL),
(863, 97, 'Gajehada Bus Stop Area', '2025-08-26 22:35:19', NULL),
(864, 97, 'Jhanda', '2025-08-26 22:35:19', NULL),
(865, 97, 'Khane Pani Office Area', '2025-08-26 22:35:19', NULL),
(866, 97, 'Koili Bangai', '2025-08-26 22:35:19', NULL),
(867, 97, 'Manoharpur', '2025-08-26 22:35:19', NULL),
(868, 97, 'Motipur - Banganga', '2025-08-26 22:35:19', NULL),
(869, 97, 'Pipara Bazaar', '2025-08-26 22:35:19', NULL),
(870, 97, 'Supa Deurali Mandir - Banganga', '2025-08-26 22:35:19', NULL),
(871, 98, 'Bardaghat Bus Stop Area', '2025-08-26 22:36:26', NULL),
(872, 98, 'Basa Basahi Chowk', '2025-08-26 22:36:26', NULL),
(873, 98, 'Chisapani Hospital Area', '2025-08-26 22:36:26', NULL),
(874, 98, 'Mohini Cinema Hall Area', '2025-08-26 22:36:26', NULL),
(875, 98, 'Panchanagar', '2025-08-26 22:36:26', NULL),
(876, 98, 'Upahar Nagar Park Area', '2025-08-26 22:36:26', NULL),
(877, 99, 'Belbas', '2025-08-26 22:38:07', NULL),
(878, 99, 'Buddhanagar - Naharpur', '2025-08-26 22:38:07', NULL),
(879, 99, 'Buspark Area', '2025-08-26 22:38:07', NULL),
(880, 99, 'Butwal Campus Area', '2025-08-26 22:38:07', NULL),
(881, 99, 'Butwal Industrial Area', '2025-08-26 22:38:07', NULL),
(882, 99, 'Chauraha', '2025-08-26 22:38:07', NULL),
(883, 99, 'Deep Nagar', '2025-08-26 22:38:07', NULL),
(884, 99, 'Devinagar', '2025-08-26 22:38:07', NULL),
(885, 99, 'Fulbari', '2025-08-26 22:38:07', NULL),
(886, 99, 'Golpark', '2025-08-26 22:38:07', NULL),
(887, 99, 'Haatbazaar Area', '2025-08-26 22:38:07', NULL),
(888, 99, 'Kalika Nagar', '2025-08-26 22:38:07', NULL),
(889, 99, 'Laxminagar', '2025-08-26 22:38:07', NULL),
(890, 99, 'Maina Bagar Area', '2025-08-26 22:38:07', NULL),
(891, 99, 'Majuwa', '2025-08-26 22:38:07', NULL),
(892, 99, 'Milan Chowk', '2025-08-26 22:38:07', NULL),
(893, 99, 'Motipur Area', '2025-08-26 22:38:07', NULL),
(894, 99, 'Nayagaun', '2025-08-26 22:38:07', NULL),
(895, 99, 'Nepalgunj Road Area', '2025-08-26 22:38:07', NULL),
(896, 99, 'Ramnagar', '2025-08-26 22:38:07', NULL),
(897, 99, 'Semlar Area', '2025-08-26 22:38:07', NULL),
(898, 99, 'Sukhha Nagar', '2025-08-26 22:38:07', NULL),
(899, 99, 'Tamnagar', '2025-08-26 22:38:07', NULL),
(900, 99, 'Traffic Chowk Area', '2025-08-26 22:38:07', NULL),
(901, 99, 'Yogi Kuti Area', '2025-08-26 22:38:07', NULL),
(902, 100, 'Bharatpur Area', '2025-08-26 22:39:41', NULL),
(903, 100, 'Chaughera Area', '2025-08-26 22:39:41', NULL),
(904, 100, 'Ghorahi Buspark Area', '2025-08-26 22:39:41', NULL),
(905, 100, 'Nayabazar Area', '2025-08-26 22:39:41', NULL),
(906, 100, 'Newroad Area', '2025-08-26 22:39:41', NULL),
(907, 100, 'Ratanpur Area', '2025-08-26 22:39:41', NULL),
(908, 100, 'Sahidgate Area', '2025-08-26 22:39:41', NULL),
(909, 100, 'Traffic Chowk Area', '2025-08-26 22:39:41', NULL),
(910, 100, 'Tulsipur Chowk Area', '2025-08-26 22:39:41', NULL),
(911, 101, 'Bahini Chowk Area', '2025-08-26 22:41:26', NULL),
(912, 101, 'BP Chowk Area', '2025-08-26 22:41:26', NULL),
(913, 101, 'Ganeshpur Area', '2025-08-26 22:41:26', NULL),
(914, 101, 'Parseni Area', '2025-08-26 22:41:26', NULL),
(915, 101, 'Tarigaun Area', '2025-08-26 22:41:26', NULL),
(916, 101, 'Tulsipur Buspark Area', '2025-08-26 22:41:26', NULL),
(917, 102, 'Bhaluhi', '2025-08-26 22:42:31', NULL),
(918, 102, 'Charange', '2025-08-26 22:42:31', NULL),
(919, 102, 'Ghodaha', '2025-08-26 22:42:31', NULL),
(920, 102, 'Khaireni', '2025-08-26 22:42:31', NULL),
(921, 102, 'Sitalnagar', '2025-08-26 22:42:31', NULL),
(922, 103, 'Babanagar', '2025-08-26 22:44:57', NULL),
(923, 103, 'Chappargaudi', '2025-08-26 22:44:57', NULL),
(924, 103, 'Happy Water Park Area', '2025-08-26 22:44:57', NULL),
(925, 103, 'Kaushila Nagar', '2025-08-26 22:44:57', NULL),
(926, 103, 'Kohalpur Chowk', '2025-08-26 22:44:57', NULL),
(927, 103, 'Kohalpur Police Beat No 1 Area', '2025-08-26 22:44:57', NULL),
(928, 103, 'Madan Chowk', '2025-08-26 22:44:57', NULL),
(929, 103, 'Manakamana Chowk', '2025-08-26 22:44:57', NULL),
(930, 103, 'Nepalgunj College Area', '2025-08-26 22:44:57', NULL),
(931, 103, 'Nepalgunj Medical College Area', '2025-08-26 22:44:57', NULL),
(932, 103, 'Siddha Nagar', '2025-08-26 22:44:57', NULL),
(933, 104, 'Bangaun', '2025-08-26 22:46:41', NULL),
(934, 104, 'Bankatta', '2025-08-26 22:46:41', NULL),
(935, 104, 'Deukhuri Campus Area', '2025-08-26 22:46:41', NULL),
(936, 104, 'Gurjihawa', '2025-08-26 22:46:41', NULL),
(937, 104, 'Lamahi Bus Park Area', '2025-08-26 22:46:41', NULL),
(938, 104, 'Lamahi Municipality Office Area', '2025-08-26 22:46:41', NULL),
(939, 104, 'Namai', '2025-08-26 22:46:41', NULL),
(940, 104, 'Narti', '2025-08-26 22:46:41', NULL),
(941, 104, 'Shantinagar', '2025-08-26 22:46:41', NULL),
(942, 105, 'Lumbini Bikas Kosh Area', '2025-08-26 22:47:49', NULL),
(943, 105, 'Madhubani', '2025-08-26 22:47:49', NULL),
(944, 105, 'Mahajidiya', '2025-08-26 22:47:49', NULL),
(945, 105, 'Padariya', '2025-08-26 22:47:49', NULL),
(946, 105, 'Tenuhawa', '2025-08-26 22:47:49', NULL),
(947, 106, 'Adarsh Nagar Area', '2025-08-26 22:48:45', NULL),
(948, 106, 'Basudevpur Area', '2025-08-26 22:48:45', NULL),
(949, 106, 'Belaspur Area', '2025-08-26 22:48:45', NULL),
(950, 106, 'Bhawanipur Area', '2025-08-26 22:48:45', NULL),
(951, 106, 'BP Chowk Area', '2025-08-26 22:48:45', NULL),
(952, 106, 'Dhamboji Area', '2025-08-26 22:48:45', NULL),
(953, 106, 'Indrapur Area', '2025-08-26 22:48:45', NULL),
(954, 106, 'Jaisapur Area', '2025-08-26 22:48:45', NULL),
(955, 106, 'Khaskarkado Area', '2025-08-26 22:48:45', NULL),
(956, 106, 'Manikapur Area', '2025-08-26 22:48:45', NULL),
(957, 106, 'Nepalgunj Buspark Area', '2025-08-26 22:48:45', NULL),
(958, 106, 'Prasapur Area', '2025-08-26 22:48:45', NULL),
(959, 106, 'Puraina Area', '2025-08-26 22:48:45', NULL),
(960, 106, 'Udayapur Area', '2025-08-26 22:48:45', NULL),
(961, 107, 'Bhumahi', '2025-08-26 22:49:56', NULL),
(962, 107, 'Buddha Chowk', '2025-08-26 22:49:56', NULL),
(963, 107, 'Durga Mandir', '2025-08-26 22:49:56', NULL),
(964, 107, 'Parasi Bus Park Area', '2025-08-26 22:49:56', NULL),
(965, 107, 'Ramagrama Relic Stupa Area', '2025-08-26 22:49:56', NULL),
(966, 107, 'Ramgram Municipality Office Area', '2025-08-26 22:49:56', NULL),
(967, 107, 'Sukrauli', '2025-08-26 22:49:56', NULL),
(968, 108, 'Basgadi Area', '2025-08-26 22:51:17', NULL),
(969, 108, 'Buddhanagar Area', '2025-08-26 22:51:17', NULL),
(970, 108, 'Murgiya', '2025-08-26 22:51:17', NULL),
(971, 108, 'Ramapur Area', '2025-08-26 22:51:17', NULL),
(972, 108, 'Ranibagiya', '2025-08-26 22:51:17', NULL),
(973, 108, 'Saljhandi Area', '2025-08-26 22:51:17', NULL),
(974, 109, 'Chanauta Bus Stop Area', '2025-08-26 22:52:39', NULL),
(975, 109, 'Halla Nagar', '2025-08-26 22:52:39', NULL),
(976, 109, 'Jawabhari', '2025-08-26 22:52:39', NULL),
(977, 109, 'Kharendrapur', '2025-08-26 22:52:39', NULL),
(978, 109, 'Laxmi Tole', '2025-08-26 22:52:39', NULL),
(979, 109, 'Samiti Chowk', '2025-08-26 22:52:39', NULL),
(980, 109, 'Shivapur Haat Bazaar', '2025-08-26 22:52:39', NULL),
(981, 110, 'Bhairahawa Airport Area', '2025-08-26 22:53:52', NULL),
(982, 110, 'Bhairahawa Buspark Area', '2025-08-26 22:53:52', NULL),
(983, 110, 'Brishapati College Area', '2025-08-26 22:53:52', NULL),
(984, 110, 'Buddha Chowk Area', '2025-08-26 22:53:52', NULL),
(985, 110, 'Darkachua Area', '2025-08-26 22:53:52', NULL),
(986, 110, 'Devkota Chowk Area', '2025-08-26 22:53:52', NULL),
(987, 110, 'Durga Colony', '2025-08-26 22:53:52', NULL),
(988, 110, 'Electricity Office Area', '2025-08-26 22:53:52', NULL),
(989, 110, 'Milan Chowk Area', '2025-08-26 22:53:52', NULL),
(990, 110, 'Ranigaun Area', '2025-08-26 22:53:52', NULL),
(991, 110, 'Universal College Area', '2025-08-26 22:53:52', NULL),
(992, 111, 'Badera', '2025-08-26 22:56:23', NULL),
(993, 111, 'Bankatti', '2025-08-26 22:56:23', NULL),
(994, 111, 'Jyamire', '2025-08-26 22:56:23', NULL),
(995, 111, 'Kerbani', '2025-08-26 22:56:23', NULL),
(996, 111, 'Mahakavi Devkota Campus Area', '2025-08-26 22:56:23', NULL),
(997, 111, 'Sunwal Bus-Station Area', '2025-08-26 22:56:23', NULL),
(998, 111, 'Sunwal Church Area', '2025-08-26 22:56:23', NULL),
(999, 111, 'Swathi Area', '2025-08-26 22:56:23', NULL),
(1000, 112, 'Bartung Bus Stop Area', '2025-08-26 22:57:47', NULL),
(1001, 112, 'Hotel Srinagar Area', '2025-08-26 22:57:47', NULL),
(1002, 112, 'Lumbini Medical College Area', '2025-08-26 22:57:47', NULL),
(1003, 112, 'Mehaldhara', '2025-08-26 22:57:47', NULL),
(1004, 112, 'Narayansthan Pond Area', '2025-08-26 22:57:47', NULL),
(1005, 112, 'Palpa Eye Hospital Area', '2025-08-26 22:57:47', NULL),
(1006, 112, 'Palpa Hospital Area', '2025-08-26 22:57:47', NULL),
(1007, 112, 'Taksar Tole', '2025-08-26 22:57:47', NULL),
(1008, 112, 'Tansen Bus Park Area', '2025-08-26 22:57:47', NULL),
(1009, 112, 'Tansen Multiple Campus Area', '2025-08-26 22:57:47', NULL),
(1010, 112, 'United Mission Hospital Area', '2025-08-26 22:57:47', NULL),
(1011, 113, 'Jamohara Area', '2025-08-26 22:59:25', NULL),
(1012, 113, 'Kapilvastu Multiple Campus', '2025-08-26 22:59:25', NULL),
(1013, 113, 'Kapilvastu Museum', '2025-08-26 22:59:25', NULL),
(1014, 113, 'Taulihawa Bus Station', '2025-08-26 22:59:25', NULL),
(1015, 113, 'Taulihawa Haat Bazaar', '2025-08-26 22:59:25', NULL),
(1016, 113, 'Tilaurakot', '2025-08-26 22:59:25', NULL),
(1017, 114, '12 number Area', '2025-08-26 23:00:38', NULL),
(1018, 114, '4 Number Area', '2025-08-26 23:00:38', NULL),
(1019, 114, 'Banbatika', '2025-08-26 23:00:38', NULL),
(1020, 114, 'Bhalwari', '2025-08-26 23:00:38', NULL),
(1021, 114, 'Bihuli', '2025-08-26 23:00:38', NULL),
(1022, 114, 'Dinganagar', '2025-08-26 23:00:38', NULL),
(1023, 114, 'Drivertol', '2025-08-26 23:00:38', NULL),
(1024, 114, 'Janakinagar', '2025-08-26 23:00:38', NULL),
(1025, 114, 'Kotihawa', '2025-08-26 23:00:38', NULL),
(1026, 114, 'Manglapur', '2025-08-26 23:00:38', NULL),
(1027, 114, 'Manigram', '2025-08-26 23:00:38', NULL),
(1028, 114, 'Nayamil', '2025-08-26 23:00:38', NULL),
(1029, 114, 'OSHO', '2025-08-26 23:00:38', NULL),
(1030, 114, 'Pathardada', '2025-08-26 23:00:38', NULL),
(1031, 114, 'Sakhwani', '2025-08-26 23:00:38', NULL),
(1032, 114, 'Shankhanagar', '2025-08-26 23:00:38', NULL),
(1033, 114, 'Sitarice Mill', '2025-08-26 23:00:38', NULL),
(1034, 115, 'Bardibas Bus Stop Area', '2025-08-26 23:29:48', NULL),
(1035, 115, 'Bardibas Hospital Area', '2025-08-26 23:29:48', NULL),
(1036, 115, 'Baridibas', '2025-08-26 23:29:48', NULL),
(1037, 115, 'Bishwakarma Mandir Area', '2025-08-26 23:29:48', NULL),
(1038, 115, 'Dhalkebar', '2025-08-26 23:29:48', NULL),
(1039, 115, 'Gauridanda', '2025-08-26 23:29:48', NULL),
(1040, 115, 'Lalgadh', '2025-08-26 23:29:48', NULL),
(1041, 116, 'Adarshnagar Area', '2025-08-26 23:31:02', NULL),
(1042, 116, 'Birgunj Buspark Area', '2025-08-26 23:31:02', NULL),
(1043, 116, 'Birgunj Customs Area', '2025-08-26 23:31:02', NULL),
(1044, 116, 'Birta Area', '2025-08-26 23:31:02', NULL),
(1045, 116, 'Brahma Chowk Area', '2025-08-26 23:31:02', NULL),
(1046, 116, 'Chhapkaiya Area', '2025-08-26 23:31:02', NULL),
(1047, 116, 'Chitragupt Area', '2025-08-26 23:31:02', NULL),
(1048, 116, 'Gahawa Mai Area', '2025-08-26 23:31:02', NULL),
(1049, 116, 'Ghadiharwa Pokhari Area', '2025-08-26 23:31:02', NULL),
(1050, 116, 'Ghantaghar Area', '2025-08-26 23:31:02', NULL),
(1051, 116, 'Minabazaar Area', '2025-08-26 23:31:02', NULL),
(1052, 116, 'Murali Area', '2025-08-26 23:31:02', NULL),
(1053, 116, 'Nagwa Pokhari', '2025-08-26 23:31:02', NULL),
(1054, 116, 'New ICP Dryport', '2025-08-26 23:31:02', NULL),
(1055, 116, 'Powerhouse Area', '2025-08-26 23:31:02', NULL),
(1056, 116, 'Pratima Chowk Area', '2025-08-26 23:31:02', NULL),
(1057, 116, 'Radhemai Area', '2025-08-26 23:31:02', NULL),
(1058, 116, 'Ranighat Area', '2025-08-26 23:31:02', NULL),
(1059, 116, 'Resham Kothi Area', '2025-08-26 23:31:02', NULL),
(1060, 116, 'Shreepur Area', '2025-08-26 23:31:02', NULL),
(1061, 117, 'Buspark Area', '2025-08-26 23:32:17', NULL),
(1062, 117, 'Chapur Bazar', '2025-08-26 23:32:17', NULL),
(1063, 118, 'Chhireswarnath Durga Chowk', '2025-08-26 23:33:38', NULL),
(1064, 118, 'Chhireswarnath Police Station Area', '2025-08-26 23:33:38', NULL),
(1065, 118, 'Laxminiya', '2025-08-26 23:33:38', NULL),
(1066, 118, 'Ramdaiya', '2025-08-26 23:33:38', NULL),
(1067, 118, 'Sakhuwa Bazar', '2025-08-26 23:33:38', NULL),
(1068, 118, 'Sapahi', '2025-08-26 23:33:38', NULL),
(1069, 119, 'Bhiman Chowk', '2025-08-26 23:36:23', NULL),
(1070, 119, 'Dhanushadham Municipality Office Area', '2025-08-26 23:36:23', NULL),
(1071, 119, 'Dharapani Chowk', '2025-08-26 23:36:23', NULL),
(1072, 119, 'Govindapur', '2025-08-26 23:36:23', NULL),
(1073, 119, 'Kisanpur', '2025-08-26 23:36:23', NULL),
(1074, 119, 'Kumhara', '2025-08-26 23:36:23', NULL),
(1075, 119, 'Tejnagar', '2025-08-26 23:36:23', NULL),
(1076, 119, 'Yagyabhumi', '2025-08-26 23:36:23', NULL),
(1077, 120, 'Campus Area', '2025-08-26 23:37:42', NULL),
(1078, 120, 'Golbazar Main Chowk', '2025-08-26 23:37:42', NULL),
(1079, 120, 'Mahajan Tole', '2025-08-26 23:37:42', NULL),
(1080, 120, 'Maruti Cement Factory Area', '2025-08-26 23:37:42', NULL),
(1081, 120, 'Naya Choharwa', '2025-08-26 23:37:42', NULL),
(1082, 120, 'Purwa Bus Stop Area', '2025-08-26 23:37:42', NULL),
(1083, 121, 'Belhi Chowk', '2025-08-26 23:38:56', NULL),
(1084, 121, 'Hanspur Municipality Office Area', '2025-08-26 23:38:56', NULL),
(1085, 121, 'Kathapulla', '2025-08-26 23:38:56', NULL),
(1086, 121, 'Suga Nikash', '2025-08-26 23:38:56', NULL),
(1087, 122, 'Aditya Batika Chowk', '2025-08-26 23:40:09', NULL),
(1088, 122, 'Bagmati Karmaiya Area', '2025-08-26 23:40:09', NULL),
(1089, 122, 'Barhathawa', '2025-08-26 23:40:09', NULL),
(1090, 122, 'Chaturbhujeshwar Multiple Campus Area', '2025-08-26 23:40:09', NULL),
(1091, 122, 'Chini Mill Area', '2025-08-26 23:40:09', NULL),
(1092, 122, 'Dabri Bazar', '2025-08-26 23:40:09', NULL),
(1093, 122, 'Dharahara Chowk', '2025-08-26 23:40:09', NULL),
(1094, 122, 'Ganesh Chowk', '2025-08-26 23:40:09', NULL),
(1095, 122, 'Ghurkauli Chowk', '2025-08-26 23:40:09', NULL),
(1096, 122, 'Hariyon Bus Park Area', '2025-08-26 23:40:09', NULL),
(1097, 122, 'Hariyon Park Area', '2025-08-26 23:40:09', NULL),
(1098, 122, 'Jirat Bazar', '2025-08-26 23:40:09', NULL),
(1099, 122, 'Milan Chowk', '2025-08-26 23:40:09', NULL),
(1100, 122, 'Naya Road Chowk Area', '2025-08-26 23:40:09', NULL),
(1101, 122, 'Purwa Bus Park Area', '2025-08-26 23:40:09', NULL),
(1102, 122, 'Putali Chowk Area', '2025-08-26 23:40:09', NULL),
(1103, 122, 'Shankarpur Area', '2025-08-26 23:40:09', NULL),
(1104, 122, 'Sita Palace Hotel Area', '2025-08-26 23:40:09', NULL),
(1105, 122, 'Solti Bazaar', '2025-08-26 23:40:09', NULL),
(1106, 122, 'Sunrise School Area', '2025-08-26 23:40:09', NULL),
(1107, 123, 'Jaleswor Buddhijibi Chowk', '2025-08-26 23:42:35', NULL),
(1108, 123, 'Mahadev Mandir', '2025-08-26 23:42:35', NULL),
(1109, 123, 'Mahendra Chowk', '2025-08-26 23:42:35', NULL),
(1110, 123, 'Parkauli Chowk', '2025-08-26 23:42:35', NULL),
(1111, 123, 'Pipara', '2025-08-26 23:42:35', NULL),
(1112, 123, 'Shankar chowk', '2025-08-26 23:42:35', NULL),
(1113, 123, 'Zero Mile', '2025-08-26 23:42:35', NULL),
(1114, 124, 'Bahuarwa Area', '2025-08-26 23:43:55', NULL),
(1115, 124, 'Balmiki Nagar', '2025-08-26 23:43:55', NULL),
(1116, 124, 'Bhanu Chowk', '2025-08-26 23:43:55', NULL),
(1117, 124, 'Brahmapura Chowk', '2025-08-26 23:43:55', NULL),
(1118, 124, 'Janaki Mandir Area', '2025-08-26 23:43:55', NULL),
(1119, 124, 'Janaki Nagar', '2025-08-26 23:43:55', NULL),
(1120, 124, 'Janakpur Airport Area', '2025-08-26 23:43:55', NULL),
(1121, 124, 'Kadam Chowk', '2025-08-26 23:43:55', NULL),
(1122, 124, 'Kishori Nagar', '2025-08-26 23:43:55', NULL),
(1123, 124, 'Kurtha', '2025-08-26 23:43:55', NULL),
(1124, 124, 'Lohana Area', '2025-08-26 23:43:55', NULL),
(1125, 124, 'Madhesh Pradesh Sabha Area', '2025-08-26 23:43:55', NULL),
(1126, 124, 'Mahavir Chowk', '2025-08-26 23:43:55', NULL),
(1127, 124, 'Mahuwa-kapileswor', '2025-08-26 23:43:55', NULL),
(1128, 124, 'Manharpur', '2025-08-26 23:43:55', NULL),
(1129, 124, 'Mills Area', '2025-08-26 23:43:55', NULL),
(1130, 124, 'Mujelia Area', '2025-08-26 23:43:55', NULL),
(1131, 124, 'Murali Chowk', '2025-08-26 23:43:55', NULL),
(1132, 124, 'Pidari Chowk', '2025-08-26 23:43:55', NULL),
(1133, 124, 'Pulchowk', '2025-08-26 23:43:55', NULL),
(1134, 124, 'Ramanand Chowk', '2025-08-26 23:43:55', NULL),
(1135, 124, 'Ram Chowk', '2025-08-26 23:43:55', NULL),
(1136, 124, 'Thapa Chowk', '2025-08-26 23:43:55', NULL),
(1137, 124, 'Viswakarma Chowk', '2025-08-26 23:43:55', NULL),
(1138, 124, 'Wakil Tole', '2025-08-26 23:43:55', NULL),
(1139, 124, 'Zero Mile', '2025-08-26 23:43:55', NULL),
(1140, 125, 'Auraha Area', '2025-08-26 23:47:19', NULL),
(1141, 125, 'Badan Nagar Area', '2025-08-26 23:47:19', NULL),
(1142, 125, 'Bajeni Area', '2025-08-26 23:47:19', NULL),
(1143, 125, 'Barack Area', '2025-08-26 23:47:19', NULL),
(1144, 125, 'Boring Tole', '2025-08-26 23:47:19', NULL),
(1145, 125, 'Hulas Area', '2025-08-26 23:47:19', NULL),
(1146, 125, 'Jagadamba Area', '2025-08-26 23:47:19', NULL),
(1147, 125, 'Jeetpur Bazaar Area', '2025-08-26 23:47:19', NULL),
(1148, 125, 'Kera Dhoka Area', '2025-08-26 23:47:19', NULL),
(1149, 125, 'Laxmi Hall Area', '2025-08-26 23:47:19', NULL),
(1150, 125, 'Narbasti Area', '2025-08-26 23:47:19', NULL),
(1151, 125, 'Nepal Boards Area', '2025-08-26 23:47:19', NULL),
(1152, 125, 'Paani Tanki Area', '2025-08-26 23:47:19', NULL),
(1153, 125, 'Pahadi Tole', '2025-08-26 23:47:19', NULL),
(1154, 125, 'Parwanipur', '2025-08-26 23:47:19', NULL),
(1155, 125, 'Pathlaiya Traffic Chowk', '2025-08-26 23:47:19', NULL),
(1156, 125, 'Rampur Tokani - Dabur Area', '2025-08-26 23:47:19', NULL),
(1157, 125, 'Shanti Tole', '2025-08-26 23:47:19', NULL),
(1158, 125, 'Shiv Parvati Hall Area', '2025-08-26 23:47:19', NULL),
(1159, 125, 'Simara Airport Area', '2025-08-26 23:47:19', NULL),
(1160, 125, 'Simara Chowk Area', '2025-08-26 23:47:19', NULL),
(1161, 125, 'Simara Colony', '2025-08-26 23:47:19', NULL),
(1162, 125, 'Simara Powerhouse Area', '2025-08-26 23:47:19', NULL),
(1163, 125, 'Surya Niwas Area', '2025-08-26 23:47:19', NULL),
(1164, 125, 'Telecom Area', '2025-08-26 23:47:19', NULL),
(1165, 126, 'Bharat Chowk', '2025-08-26 23:48:28', NULL),
(1166, 126, 'Buspark Area', '2025-08-26 23:48:28', NULL),
(1167, 126, 'CDO Office Area', '2025-08-26 23:48:28', NULL),
(1168, 126, 'Gupta Oil Area', '2025-08-26 23:48:28', NULL),
(1169, 126, 'Hanuman Mandir Area', '2025-08-26 23:48:28', NULL),
(1170, 126, 'Kalaiya Bajar', '2025-08-26 23:48:28', NULL),
(1171, 126, 'Kalaiya Barewa Hospital Area', '2025-08-26 23:48:28', NULL),
(1172, 126, 'Kalaiya Malpot Area', '2025-08-26 23:48:28', NULL),
(1173, 126, 'Motisar', '2025-08-26 23:48:28', NULL),
(1174, 126, 'Parsauni', '2025-08-26 23:48:28', NULL),
(1175, 126, 'Rajaram Campus Area', '2025-08-26 23:48:28', NULL),
(1176, 126, 'Shiksha Office Area', '2025-08-26 23:48:28', NULL),
(1177, 126, 'Siddheshwor Mandir Area', '2025-08-26 23:48:28', NULL),
(1178, 127, 'Ganesh Chowk', '2025-08-26 23:50:10', NULL),
(1179, 127, 'Ganeshpur', '2025-08-26 23:50:10', NULL),
(1180, 127, 'ISKCON Area', '2025-08-26 23:50:10', NULL),
(1181, 127, 'J.S. Murarka Campus Area', '2025-08-26 23:50:10', NULL),
(1182, 127, 'Lahan Municipality Office Area', '2025-08-26 23:50:10', NULL),
(1183, 127, 'Lahan Post Office Area', '2025-08-26 23:50:10', NULL),
(1184, 127, 'Lahan Vegetable Market', '2025-08-26 23:50:10', NULL),
(1185, 127, 'Nepal Telecom Area', '2025-08-26 23:50:10', NULL),
(1186, 127, 'Padariya', '2025-08-26 23:50:10', NULL),
(1187, 127, 'Saptarishi Hospital Area', '2025-08-26 23:50:10', NULL),
(1188, 127, 'Sisawani', '2025-08-26 23:50:10', NULL),
(1189, 128, 'Bayalbas Bazaar', '2025-08-26 23:51:57', NULL),
(1190, 128, 'Dhukdhuki FM Area', '2025-08-26 23:51:57', NULL),
(1191, 128, 'Janajyoti Multiple Campus Area', '2025-08-26 23:51:57', NULL),
(1192, 128, 'Jutpani Bus Stop Area', '2025-08-26 23:51:57', NULL),
(1193, 128, 'Kalinjor School Area', '2025-08-26 23:51:57', NULL),
(1194, 128, 'Khatiwoda Chowk', '2025-08-26 23:51:57', NULL),
(1195, 128, 'Laxmipur', '2025-08-26 23:51:57', NULL),
(1196, 128, 'Marin Jane Chowk', '2025-08-26 23:51:57', NULL),
(1197, 128, 'Mejargunj Chautara', '2025-08-26 23:51:57', NULL),
(1198, 128, 'Nawalpur Bazaar', '2025-08-26 23:51:57', NULL),
(1199, 128, 'Netragunj', '2025-08-26 23:51:57', NULL),
(1200, 128, 'Pattharkot', '2025-08-26 23:51:57', NULL),
(1201, 128, 'Raniganj Chowk', '2025-08-26 23:51:57', NULL),
(1202, 128, 'Vegetable Mart Area', '2025-08-26 23:51:57', NULL),
(1203, 129, 'Buspark Area', '2025-08-26 23:53:47', NULL),
(1204, 129, 'Ghamhariya Bus Stop Area', '2025-08-26 23:53:47', NULL),
(1205, 129, 'Jilla Bikash Samati Chowk', '2025-08-26 23:53:47', NULL),
(1206, 129, 'Kabilashi Bus Stop Area', '2025-08-26 23:53:47', NULL),
(1207, 129, 'Krishna Chowk', '2025-08-26 23:53:47', NULL),
(1208, 129, 'Malangwa Nagarpalika Chowk', '2025-08-26 23:53:47', NULL),
(1209, 129, 'Salempur Chowk', '2025-08-26 23:53:47', NULL),
(1210, 129, 'Shivsagar Chowk', '2025-08-26 23:53:47', NULL),
(1211, 130, 'Bhagwatpur', '2025-08-26 23:56:00', NULL),
(1212, 130, 'Fulbariya School Area', '2025-08-26 23:56:00', NULL),
(1213, 130, 'Ghurmi Bazaar', '2025-08-26 23:56:00', NULL),
(1214, 130, 'Katari Chowk', '2025-08-26 23:56:00', NULL),
(1215, 130, 'Mirchaiya Bazar', '2025-08-26 23:56:00', NULL),
(1216, 130, 'Sanstha Chowk', '2025-08-26 23:56:00', NULL),
(1217, 131, 'Dhalkebar Chowk', '2025-08-26 23:57:55', NULL),
(1218, 131, 'Dhalkebar Substation Area', '2025-08-26 23:57:55', NULL),
(1219, 131, 'Jamunabas Bus Park Area', '2025-08-26 23:57:55', NULL),
(1220, 131, 'Kushwaha Chowk', '2025-08-26 23:57:55', NULL),
(1221, 131, 'Mithila Municipality Office Area', '2025-08-26 23:57:55', NULL),
(1222, 131, 'Ram Laxman Chowk', '2025-08-26 23:57:55', NULL),
(1223, 132, 'Bhutahi Bazar', '2025-08-27 00:00:07', NULL),
(1224, 132, 'Mauwahi', '2025-08-27 00:00:07', NULL),
(1225, 132, 'Purandaha Bazaar', '2025-08-27 00:00:07', NULL),
(1226, 132, 'Tarapatti Bazaar', '2025-08-27 00:00:07', NULL),
(1227, 132, 'Tarapatti Sirsiya', '2025-08-27 00:00:07', NULL),
(1228, 132, 'Thera', '2025-08-27 00:00:07', NULL),
(1229, 133, 'Fulgama', '2025-08-27 00:01:54', NULL),
(1230, 133, 'Hospital Chowk', '2025-08-27 00:01:54', NULL),
(1231, 133, 'Jatahi', '2025-08-27 00:01:54', NULL),
(1232, 133, 'Lagmagadhaguthi', '2025-08-27 00:01:54', NULL),
(1233, 133, 'Lagmagadhaguthi Masjid Area', '2025-08-27 00:01:54', NULL),
(1234, 133, 'Nochha Park Area', '2025-08-27 00:01:54', NULL),
(1235, 133, 'Vegetable Market Area', '2025-08-27 00:01:54', NULL),
(1236, 134, 'Airport Area', '2025-08-27 00:04:32', NULL),
(1237, 134, 'Boriya Petrol Pump Area', '2025-08-27 00:04:32', NULL),
(1238, 134, 'Gajendra Narayan Singh Chowk', '2025-08-27 00:04:32', NULL),
(1239, 134, 'Islampur Purni Pokhri', '2025-08-27 00:04:32', NULL),
(1240, 134, 'Karn Park Area', '2025-08-27 00:04:32', NULL),
(1241, 134, 'Kharsal Tole', '2025-08-27 00:04:32', NULL),
(1242, 134, 'Maleth', '2025-08-27 00:04:32', NULL),
(1243, 134, 'Pulchowk', '2025-08-27 00:04:32', NULL),
(1244, 134, 'Rajbiraj Model Campus Area', '2025-08-27 00:04:32', NULL),
(1245, 134, 'Raj Devi Field Area', '2025-08-27 00:04:32', NULL),
(1246, 134, 'Shree Shiv Baba Mandir Area', '2025-08-27 00:04:32', NULL),
(1247, 134, 'Tetri Gachhi Chowk', '2025-08-27 00:04:32', NULL),
(1248, 134, 'Turanti Pokhari Area', '2025-08-27 00:04:32', NULL),
(1249, 134, 'Urban Green Park Area', '2025-08-27 00:04:32', NULL),
(1250, 135, 'Bhathihan Bazaar', '2025-08-27 00:05:55', NULL),
(1251, 135, 'Hanuman Chowk', '2025-08-27 00:05:55', NULL),
(1252, 135, 'Sabaila Bazaar', '2025-08-27 00:05:55', NULL),
(1253, 135, 'Sabaila Municipality Office Area', '2025-08-27 00:05:55', NULL),
(1254, 135, 'Thilla Yaduwa', '2025-08-27 00:05:55', NULL),
(1255, 136, 'Aadarsha Chowk', '2025-08-27 00:08:03', NULL),
(1256, 136, 'Chandani Chowk', '2025-08-27 00:08:03', NULL),
(1257, 136, 'Hanuman Mandir Area', '2025-08-27 00:08:03', NULL),
(1258, 136, 'Noori Jama Masjid Area', '2025-08-27 00:08:03', NULL),
(1259, 136, 'Shahid Municipality Office Area', '2025-08-27 00:08:03', NULL),
(1260, 136, 'Yadukuha Police Beat Area', '2025-08-27 00:08:03', NULL),
(1261, 137, 'Bhajani Trishakti', '2025-08-27 00:10:42', NULL),
(1262, 137, 'Joshipur', '2025-08-27 00:10:42', NULL),
(1263, 137, 'Thapapur - Mahadeuli', '2025-08-27 00:10:42', NULL),
(1264, 138, 'Bhagatpur', '2025-08-27 00:12:05', NULL),
(1265, 138, 'Bhasi', '2025-08-27 00:12:05', NULL),
(1266, 138, 'Gadda Chauki', '2025-08-27 00:12:05', NULL),
(1267, 138, 'Gobariya', '2025-08-27 00:12:05', NULL),
(1268, 138, 'Mahendranagar Bazar', '2025-08-27 00:12:05', NULL),
(1269, 138, 'Suda', '2025-08-27 00:12:05', NULL),
(1270, 139, 'Adarsha Tole Area', '2025-08-27 00:14:11', NULL),
(1271, 139, 'Airport area', '2025-08-27 00:14:11', NULL),
(1272, 139, 'Badhara Area', '2025-08-27 00:14:11', NULL),
(1273, 139, 'Baiya Behandi', '2025-08-27 00:14:11', NULL),
(1274, 139, 'Bishalnagar Area', '2025-08-27 00:14:11', NULL),
(1275, 139, 'Boradadi area', '2025-08-27 00:14:11', NULL),
(1276, 139, 'Campus Road Area', '2025-08-27 00:14:11', NULL),
(1277, 139, 'Chatakpur Area', '2025-08-27 00:14:11', NULL),
(1278, 139, 'Chauraha Area', '2025-08-27 00:14:11', NULL),
(1279, 139, 'Ganesh mandir area', '2025-08-27 00:14:11', NULL),
(1280, 139, 'Hasanpur Area', '2025-08-27 00:14:11', NULL),
(1281, 139, 'Jai Area', '2025-08-27 00:14:11', NULL),
(1282, 139, 'kailali customs office', '2025-08-27 00:14:11', NULL),
(1283, 139, 'Kailali District Court Area', '2025-08-27 00:14:11', NULL),
(1284, 139, 'Khaptad Chowk', '2025-08-27 00:14:11', NULL),
(1285, 139, 'LN Chowk', '2025-08-27 00:14:11', NULL),
(1286, 139, 'Milan Chowk Area', '2025-08-27 00:14:11', NULL),
(1287, 139, 'Om Shanti Tole', '2025-08-27 00:14:11', NULL),
(1288, 139, 'Rajpur area', '2025-08-27 00:14:11', NULL),
(1289, 139, 'Santoshi Tole Area', '2025-08-27 00:14:11', NULL),
(1290, 139, 'Satkar Chowk Area', '2025-08-27 00:14:11', NULL),
(1291, 139, 'Shivpuri dham area', '2025-08-27 00:14:11', NULL),
(1292, 139, 'Taranagar Area', '2025-08-27 00:14:11', NULL),
(1293, 139, 'Tiketal Area', '2025-08-27 00:14:11', NULL),
(1294, 139, 'Uttar Behandi', '2025-08-27 00:14:11', NULL),
(1295, 140, 'Aambari Galli Area', '2025-08-27 00:15:56', NULL),
(1296, 140, 'Banbehada Bazaar', '2025-08-27 00:15:56', NULL),
(1297, 140, 'Chaumala Bazaar', '2025-08-27 00:15:56', NULL),
(1298, 140, 'Kuchaini', '2025-08-27 00:15:56', NULL),
(1299, 140, 'Mangalpur Bazaar', '2025-08-27 00:15:56', NULL),
(1300, 141, 'Ghoda Ghodi Multiple College Area', '2025-08-27 00:17:43', NULL),
(1301, 141, 'Pahalmanpur Bazaar', '2025-08-27 00:17:43', NULL),
(1302, 141, 'Sukhad Bazaar', '2025-08-27 00:17:43', NULL),
(1303, 142, 'Attariya Chowk', '2025-08-27 00:20:02', NULL),
(1304, 142, 'Dixit Nagar', '2025-08-27 00:20:02', NULL),
(1305, 142, 'Geta', '2025-08-27 00:20:02', NULL),
(1306, 142, 'Krishna Mandir Tole', '2025-08-27 00:20:02', NULL),
(1307, 142, 'Lalpur Football Ground Area', '2025-08-27 00:20:02', NULL),
(1308, 142, 'Malakheti', '2025-08-27 00:20:02', NULL),
(1309, 142, 'Shreepur', '2025-08-27 00:20:02', NULL),
(1310, 143, 'Chisapani Bazaar', '2025-08-27 07:11:07', NULL),
(1311, 143, 'Dododhara Chowk', '2025-08-27 07:11:07', NULL),
(1312, 143, 'Ganeshpur Chowk', '2025-08-27 07:11:07', NULL),
(1313, 143, 'Gulara Bus Park Area', '2025-08-27 07:11:07', NULL),
(1314, 143, 'Lamki Bazaar', '2025-08-27 07:11:07', NULL),
(1315, 143, 'Lamki Zero Mile', '2025-08-27 07:11:07', NULL),
(1316, 143, 'Motipur', '2025-08-27 07:11:07', NULL),
(1317, 143, 'Syaule Bazar', '2025-08-27 07:11:07', NULL),
(1318, 144, 'Bijayanagar', '2025-08-27 07:13:04', NULL),
(1319, 144, 'Munuwa', '2025-08-27 07:13:04', NULL),
(1320, 144, 'Narayanpur Chauraha', '2025-08-27 07:13:04', NULL),
(1321, 144, 'Satti Bazaar', '2025-08-27 07:13:04', NULL),
(1322, 144, 'Tikapur Airport Area', '2025-08-27 07:13:04', NULL),
(1323, 144, 'Tikapur Campus Area', '2025-08-27 07:13:04', NULL),
(1324, 144, 'Tikapur Poly Technical Area', '2025-08-27 07:13:04', NULL),
(1325, 145, 'Dadeldhura', '2025-08-27 07:13:53', NULL),
(1326, 146, 'Baitadi', '2025-08-27 07:14:09', NULL),
(1327, 147, 'Sanfe Bagar', '2025-08-27 07:14:25', NULL),
(1328, 148, 'Dipayal', '2025-08-27 07:14:44', NULL),
(1329, 149, 'Shilgadhi', '2025-08-27 07:14:58', NULL),
(1330, 150, 'Darchula', '2025-08-27 07:15:12', NULL),
(1331, 151, 'Bajhang', '2025-08-27 07:15:27', NULL);

--
-- Indexes for dumped tables
--

--
-- Indexes for table `cities`
--
ALTER TABLE `cities`
  ADD PRIMARY KEY (`id`),
  ADD KEY `province_id` (`province_id`);

--
-- Indexes for table `provinces`
--
ALTER TABLE `provinces`
  ADD PRIMARY KEY (`id`);

--
-- Indexes for table `zones`
--
ALTER TABLE `zones`
  ADD PRIMARY KEY (`id`),
  ADD KEY `city_id` (`city_id`);

--
-- AUTO_INCREMENT for dumped tables
--

--
-- AUTO_INCREMENT for table `cities`
--
ALTER TABLE `cities`
  MODIFY `id` int NOT NULL AUTO_INCREMENT, AUTO_INCREMENT=152;

--
-- AUTO_INCREMENT for table `provinces`
--
ALTER TABLE `provinces`
  MODIFY `id` int NOT NULL AUTO_INCREMENT, AUTO_INCREMENT=8;

--
-- AUTO_INCREMENT for table `zones`
--
ALTER TABLE `zones`
  MODIFY `id` int NOT NULL AUTO_INCREMENT, AUTO_INCREMENT=1332;

--
-- Constraints for dumped tables
--

--
-- Constraints for table `cities`
--
ALTER TABLE `cities`
  ADD CONSTRAINT `cities_ibfk_1` FOREIGN KEY (`province_id`) REFERENCES `provinces` (`id`);

--
-- Constraints for table `zones`
--
ALTER TABLE `zones`
  ADD CONSTRAINT `zones_ibfk_1` FOREIGN KEY (`city_id`) REFERENCES `cities` (`id`);
COMMIT;

/*!40101 SET CHARACTER_SET_CLIENT=@OLD_CHARACTER_SET_CLIENT */;
/*!40101 SET CHARACTER_SET_RESULTS=@OLD_CHARACTER_SET_RESULTS */;
/*!40101 SET COLLATION_CONNECTION=@OLD_COLLATION_CONNECTION */;
